external_id,timestamp,amount,currency,counterparty,raw_category_hint
SYN-0000000,2026-01-02T05:08:22+00:00,6876.46,USD,"Rodriguez, Figueroa and Sanchez",fee
SYN-0000001,2026-01-05T23:24:55+00:00,18516.95,USD,Doyle Ltd,fee
SYN-0000002,2026-01-29T15:58:25+00:00,795.54,USD,"Mcclain, Miller and Henderson",wire
SYN-0000003,2026-01-12T07:04:10+00:00,15050.87,USD,Davis and Sons,internal_transfer
SYN-0000004,2026-01-27T10:54:10+00:00,5511.8,USD,"Guzman, Hoffman and Baldwin",wire
SYN-0000005,2026-01-01T07:34:17+00:00,20145.68,USD,"Gardner, Robinson and Lawrence",refund
SYN-0000006,2026-01-17T12:25:14+00:00,3887.83,USD,Blake and Sons,
SYN-0000007,2026-01-17T08:09:39+00:00,2319.55,USD,"Henderson, Ramirez and Lewis",
SYN-0000008,2026-01-17T16:44:14+00:00,6613.76,USD,Garcia-James,internal_transfer
SYN-0000009,2026-01-23T07:16:07+00:00,3121.53,USD,Abbott-Munoz,internal_transfer
SYN-0000010,2026-01-04T19:48:31+00:00,7330.16,USD,Blair PLC,internal_transfer
SYN-0000011,2026-01-18T13:20:07+00:00,4808.02,USD,Dudley Group,internal_transfer
SYN-0000012,2026-01-12T01:31:14+00:00,7235.41,USD,Arnold Ltd,refund
SYN-0000013,2026-01-12T07:13:15+00:00,2525.93,USD,"Mcclure, Ward and Lee",refund
SYN-0000014,2026-01-18T17:03:37+00:00,9255.15,USD,Williams and Sons,
SYN-0000015,2026-01-13T23:03:06+00:00,23416.43,USD,Galloway-Wyatt,fee
SYN-0000016,2026-01-30T13:41:20+00:00,4279.3,USD,James Group,fee
SYN-0000017,2026-01-08T22:22:39+00:00,9487.01,USD,"Flowers, Martin and Kelly",wire
SYN-0000018,2026-01-28T00:53:36+00:00,17115.67,USD,"Adams, Zuniga and Wong",
SYN-0000019,2026-01-03T17:10:20+00:00,20545.24,USD,"Reid, Ferguson and Sanchez",
SYN-0000020,2026-01-20T11:23:27+00:00,1655.65,USD,Gray-Mayo,
SYN-0000021,2026-01-28T12:48:45+00:00,7867.63,USD,"Watts, Robinson and Nguyen",fee
SYN-0000022,2026-01-20T04:56:40+00:00,11471.84,USD,Perez Inc,fee
SYN-0000023,2026-01-12T23:20:30+00:00,14034.64,USD,Morales-Jones,fee
SYN-0000024,2026-01-29T09:05:31+00:00,22445.67,USD,"Walter, Edwards and Rios",wire
SYN-0000025,2026-01-11T15:31:37+00:00,12738.65,USD,Wilkerson-Day,
SYN-0000026,2026-01-03T06:53:40+00:00,2742.12,USD,Baker and Sons,refund
SYN-0000027,2026-01-21T11:51:07+00:00,1589.13,USD,"Hoffman, Baker and Richards",internal_transfer
SYN-0000028,2026-01-23T17:19:03+00:00,6286.1,USD,"Ross, Robinson and Bright",internal_transfer
SYN-0000029,2026-01-01T13:22:34+00:00,18018.32,USD,"Snyder, Campos and Callahan",fee
SYN-0000030,2026-01-27T01:36:56+00:00,6671.36,USD,Burton Ltd,refund
SYN-0000031,2026-01-06T09:58:03+00:00,10869.7,USD,Carlson-Cruz,
SYN-0000032,2026-01-13T18:52:13+00:00,19049.29,USD,"Ferrell, Rice and Maddox",internal_transfer
SYN-0000033,2026-01-06T03:58:39+00:00,15632.88,USD,Frazier Inc,refund
SYN-0000034,2026-01-25T15:28:12+00:00,4973.58,USD,"Dyer, Potter and Mack",internal_transfer
SYN-0000035,2026-01-08T20:13:05+00:00,23837.54,USD,Rodriguez-Graham,internal_transfer
SYN-0000036,2026-01-01T00:39:58+00:00,8104.58,USD,Smith-Bowen,internal_transfer
SYN-0000037,2026-01-18T14:54:11+00:00,1201.06,US,"Baker, Mason and White",
SYN-0000038,2026-01-04T19:45:31+00:00,18297.96,USD,Harrell LLC,
SYN-0000039,2026-01-26T20:38:51+00:00,3144.89,USD,"Romero, Gonzalez and Brooks",refund
SYN-0000040,2026-01-27T16:34:03+00:00,6627.15,USD,Ryan PLC,
SYN-0000041,2026-01-21T12:59:29+00:00,23222.91,USD,George Group,
SYN-0000042,2026-01-10T18:21:28+00:00,7793.6,USD,Rodriguez LLC,fee
SYN-0000043,2026-01-19T03:03:59+00:00,22490.45,USD,Allen-Allen,wire
SYN-0000044,2026-01-13T00:49:51+00:00,1601.58,USD,"Arroyo, Miller and Tucker",
SYN-0000045,2026-01-27T21:21:55+00:00,40.92,12A,Spence PLC,
SYN-0000046,2026-01-12T02:44:11+00:00,22635.59,USD,Anderson Group,
SYN-0000047,2026-01-04T10:33:17+00:00,5950.88,USD,"Martin, Rose and Obrien",internal_transfer
SYN-0000048,2026-01-11T09:36:14+00:00,3308.66,USD,Hickman Ltd,internal_transfer
SYN-0000049,2026-01-28T17:18:48+00:00,11817.3,USD,"Harris, Collins and Carney",internal_transfer
SYN-0000050,2026-01-20T18:15:33+00:00,2359.05,USD,"Brooks, Lam and Hayes",
SYN-0000051,2026-01-18T04:47:11+00:00,10278.15,USD,Walker LLC,wire
SYN-0000052,2026-01-03T15:06:50+00:00,16336.73,USD,Chapman and Sons,fee
SYN-0000053,2026-01-03T22:37:07+00:00,18205.61,USD,"Robinson, Jones and Welch",wire
SYN-0000054,2026-01-06T07:18:27+00:00,4790.56,USD,Jones Inc,
SYN-0000055,2026-01-07T19:19:27+00:00,4588.02,USD,Jones-Young,wire
SYN-0000056,2026-01-04T15:49:47+00:00,20200.75,USD,"Washington, Ryan and Cummings",wire
SYN-0000057,2026-01-05T18:04:18+00:00,16303.97,USD,"Johnston, Sanchez and Kennedy",
SYN-0000058,2026-01-01T17:11:38+00:00,23159.25,USD,Lee-Davis,
SYN-0000059,2026-01-09T01:45:59+00:00,12141.54,USD,Gomez-Jenkins,wire
SYN-0000060,2026-01-20T11:14:44+00:00,4116.76,USD,"Brown, Valdez and Lucas",
SYN-0000061,2026-01-19T22:52:27+00:00,not-a-number,USD,Powell LLC,
SYN-0000062,2026-01-23T02:07:23+00:00,10575.76,USD,Wright and Sons,
SYN-0000063,2026-01-27T23:31:01+00:00,17960.49,USD,"West, Henderson and Ramirez",fee
SYN-0000064,2026-01-15T09:41:22+00:00,24217.77,USD,Baxter Inc,
SYN-0000065,2026-01-27T07:42:11+00:00,18699.64,USD,Morton-Chase,
SYN-0000066,2026-01-29T08:36:58+00:00,12571.76,USD,Williams PLC,wire
SYN-0000067,2026-01-08T15:25:20+00:00,24019.51,USD,Novak and Sons,
SYN-0000068,2026-01-10T00:30:06+00:00,14876.28,USD,Russell Group,
SYN-0000069,2026-01-12T10:01:56+00:00,2998.05,USD,Hancock Inc,wire
SYN-0000070,2026-01-12T22:51:42+00:00,14863.38,USD,Gray Group,internal_transfer
SYN-0000071,2026-01-21T08:25:56+00:00,14592.22,USD,House-Glover,fee
SYN-0000072,2026-01-13T15:48:50+00:00,16743.48,USD,Henderson-Bernard,
SYN-0000073,2026-01-13T21:27:48+00:00,3272.83,USD,"Stanley, Tucker and Lee",wire
SYN-0000074,2026-01-23T04:42:18+00:00,23225.53,USD,Novak PLC,
SYN-0000075,2026-01-01T10:51:11+00:00,15529.36,USD,"Daniels, Adkins and Brown",wire
SYN-0000076,2026-01-05T20:29:11+00:00,13441.32,USD,"Woods, Calhoun and Schmidt",
SYN-0000077,2026-01-07T10:19:23+00:00,22021.72,USD,Yu Inc,
SYN-0000078,2026-01-18T22:31:48+00:00,3944.51,USD,Jones Inc,
SYN-0000079,2026-01-15T16:27:28+00:00,24596.35,USD,"Hensley, Powell and David",internal_transfer
SYN-0000080,2026-01-26T16:15:38+00:00,16696.91,USD,"Sanchez, Wheeler and Harvey",
SYN-0000081,2026-01-06T00:41:13+00:00,6612.38,USD,Sandoval-Cunningham,
SYN-0000082,2026-01-27T20:33:08+00:00,6809.43,USD,Donovan-Harris,
SYN-0000083,2026-01-17T15:29:04+00:00,17187.74,USD,"Edwards, Baker and Anderson",
SYN-0000084,2026-01-25T12:50:39+00:00,6278.78,USD,"Evans, Stewart and Walton",wire
SYN-0000085,2026-01-03T11:11:06+00:00,15857.48,USD,Smith PLC,
SYN-0000086,2026-01-03T03:21:53+00:00,8339.58,USD,"Ferrell, Jones and Lewis",
SYN-0000087,2026-01-13T17:12:00+00:00,18531.03,USD,Anderson-Bailey,
SYN-0000088,2026-01-21T18:17:28+00:00,242.73,USD,Suarez LLC,internal_transfer
SYN-0000089,2026-01-08T05:39:38+00:00,901.67,USD,Moore-Bass,internal_transfer
SYN-0000090,2026-01-27T19:44:18+00:00,10745.24,USD,"Turner, Riggs and Roman",
SYN-0000091,2026-01-18T16:50:59+00:00,24304.93,USD,"Smith, Montoya and Evans",refund
SYN-0000092,2026-01-18T08:52:40+00:00,3336.33,usd,"Garcia, Humphrey and Baker",
SYN-0000093,2026-01-20T17:27:50+00:00,18737.19,USD,Newton and Sons,internal_transfer
SYN-0000094,2026-01-12T11:49:08+00:00,4063.38,USD,Campbell-Clark,refund
SYN-0000095,2026-01-09T14:16:51+00:00,620.63,USD,Harris-Walters,wire
SYN-0000096,2026-01-17T03:01:26+00:00,23270.47,USD,Wagner-King,refund
SYN-0000097,2026-01-13T01:08:08+00:00,3980.79,USD,Davis Group,
SYN-0000098,2026-01-19T13:41:36+00:00,969.08,USD,Williams-Cook,refund
SYN-0000099,2026-01-10T16:31:09+00:00,22961.38,USD,Walsh LLC,refund
SYN-0000100,2026-01-12T01:10:04+00:00,592.59,USD,Figueroa PLC,
SYN-0000101,2026-01-16T22:27:10+00:00,21608.96,USD,"Patterson, Smith and Jones",
SYN-0000102,2026-01-14T13:12:15+00:00,16037.4,USD,"Mckee, Gardner and Davenport",
SYN-0000103,2026-01-27T00:44:11+00:00,23480.99,USD,"Tran, Jordan and Williams",
SYN-0000104,2026-01-13T16:20:15+00:00,14515.16,USD,Nolan-Flynn,
SYN-0000105,2026-01-02T20:34:22+00:00,14914.68,USD,Nolan and Sons,
SYN-0000106,2026-01-16T05:27:38+00:00,15155.62,USD,"Wright, Garcia and Deleon",wire
SYN-0000107,2026-01-19T16:47:06+00:00,4752.78,USD,Dickson-Brady,internal_transfer
SYN-0000108,2026-01-22T04:02:37+00:00,12998.49,USD,Hancock and Sons,
SYN-0000109,2026-01-10T13:33:45+00:00,10783.0,USD,Johnson-Doyle,
SYN-0000110,2026-01-17T00:42:39+00:00,7848.58,USD,Patton-Jenkins,internal_transfer
SYN-0000111,2026-01-15T13:54:02+00:00,7732.81,USD,"Shields, Cochran and Adams",internal_transfer
SYN-0000112,2026-01-20T12:49:49+00:00,7392.08,USD,"Rodriguez, Brennan and Garrison",fee
SYN-0000113,2026-01-21T09:51:19+00:00,23509.15,USD,Gonzalez Group,fee
SYN-0000114,2026-01-09T10:45:23+00:00,14228.06,USD,Torres-Pope,internal_transfer
SYN-0000115,2026-01-01T00:28:22+00:00,7173.56,USD,Walker Ltd,
SYN-0000116,2026-01-29T03:43:52+00:00,16367.99,USD,Ross LLC,internal_transfer
SYN-0000117,2026-01-22T11:09:12+00:00,5343.32,USD,Rasmussen LLC,fee
SYN-0000118,2026-01-09T05:42:17+00:00,2120.8,USD,May-Ross,fee
SYN-0000119,2026-01-17T06:31:21+00:00,20460.77,USD,"Rivera, Johnson and Wiley",
SYN-0000120,2026-01-16T01:39:53+00:00,20164.27,USD,White-Estes,
SYN-0000121,2026-01-03T05:50:34+00:00,24598.42,USD,Johnson-Carlson,
SYN-0000122,2026-01-04T12:51:03+00:00,10361.61,USD,Chandler-Edwards,wire
SYN-0000123,2026-01-10T10:32:00+00:00,17409.16,USD,"Joyce, Wilson and Lam",fee
SYN-0000124,2026-01-12T20:15:44+00:00,16401.79,USD,Scott Ltd,
SYN-0000125,2026-01-06T04:10:59+00:00,not-a-number,USD,Smith-Frost,refund
SYN-0000126,2026-01-09T12:55:22+00:00,23949.19,USD,"Mcdaniel, Bentley and Mclaughlin",refund
SYN-0000127,2026-01-03T10:30:31+00:00,6230.71,USD,Diaz Inc,internal_transfer
SYN-0000128,2026-01-23T03:48:59+00:00,20035.61,USD,"Mccall, Hanson and Alvarado",
SYN-0000129,2026-01-28T03:11:42+00:00,7933.13,USD,Cortez LLC,internal_transfer
SYN-0000130,2026-01-22T11:38:07+00:00,20375.35,USD,"Parker, Ortiz and Powell",internal_transfer
SYN-0000131,2026-01-21T17:11:20+00:00,22671.46,USD,Spencer-Lee,refund
SYN-0000132,2026-01-08T17:25:56+00:00,21537.51,USD,"Bentley, Byrd and Orr",fee
SYN-0000133,2026-01-13T00:03:18+00:00,15941.9,USD,"Carroll, Sullivan and Bass",refund
SYN-0000134,2026-01-26T07:21:29+00:00,15669.08,USD,Mitchell-Jordan,wire
SYN-0000135,2026-01-04T18:16:28+00:00,7143.92,USD,"Lawson, Morris and Ramos",fee
SYN-0000136,2026-01-16T12:29:19+00:00,2015.36,USD,"Lewis, Kennedy and Santana",internal_transfer
SYN-0000137,2026-01-19T14:16:06+00:00,3820.98,USD,"Jackson, Miller and Robertson",fee
SYN-0000138,2026-01-21T03:21:22+00:00,8272.7,USD,"Harvey, Davis and Crane",wire
SYN-0000139,2026-01-04T00:32:41+00:00,20822.45,USD,Chambers and Sons,
SYN-0000140,2026-01-29T08:30:06+00:00,489.28,USD,Hernandez Inc,fee
SYN-0000141,2026-01-28T22:43:40+00:00,11925.02,USD,Riggs PLC,wire
SYN-0000142,2026-01-15T11:54:32+00:00,9750.28,USD,Gibson Ltd,refund
SYN-0000143,2026-01-21T08:11:42+00:00,18688.14,USD,"Lee, Horton and Snyder",internal_transfer
SYN-0000144,2026-01-30T06:50:24+00:00,12206.25,USD,Hernandez Ltd,
SYN-0000145,2026-01-24T13:48:50+00:00,9722.04,USD,Stafford Inc,
SYN-0000146,2026-01-20T15:03:47+00:00,4126.95,USD,Robinson-Brock,fee
SYN-0000147,2026-01-07T04:41:49+00:00,13353.56,USD,"Holmes, Williams and Wright",internal_transfer
SYN-0000148,2026-01-29T17:36:18+00:00,16575.33,USD,Bryant Group,internal_transfer
SYN-0000149,2026-01-21T19:22:12+00:00,21671.42,USD,"Schmidt, Hansen and Stewart",
SYN-0000150,2026-01-13T15:06:14+00:00,8184.49,USD,Salazar-Ball,wire
SYN-0000151,2026-01-17T09:12:59+00:00,21991.12,USD,"Simmons, Meadows and Griffin",refund
SYN-0000152,2026-01-21T11:09:31+00:00,20872.94,USD,Manning Group,
SYN-0000153,2026-01-27T04:28:07+00:00,24997.7,USD,Green-Wright,
SYN-0000154,2026-01-04T07:56:46+00:00,23932.18,USD,"Ramirez, Strickland and Washington",refund
SYN-0000155,2026-01-02T12:09:09+00:00,4984.82,USD,Hill Inc,
SYN-0000156,2026-01-08T09:32:17+00:00,53874.00,USD,,
SYN-0000157,2026-01-11T13:56:49+00:00,17486.92,USD,"Mitchell, Nelson and Flores",wire
SYN-0000158,2026-01-09T03:29:18+00:00,15181.58,USD,"Miller, Hernandez and Reyes",internal_transfer
SYN-0000159,2026-01-06T13:26:25+00:00,20482.71,USD,Mccarthy Inc,refund
SYN-0000160,2026-01-06T05:56:39+00:00,642.93,USD,Russell-Daniels,internal_transfer
SYN-0000161,2026-01-19T05:15:51+00:00,23536.82,USD,Brown-Wall,wire
SYN-0000162,2026-01-29T17:50:38+00:00,20764.46,USD,Stein-Silva,fee
SYN-0000163,2026-01-15T15:22:09+00:00,17106.79,USD,"Smith, Gilmore and Johnston",refund
SYN-0000164,2026-01-28T11:21:33+00:00,1027.69,USD,Smith-Bell,refund
SYN-0000165,2026-01-18T23:44:46+00:00,12649.51,USD,Castaneda-Ashley,
SYN-0000166,2026-01-21T09:24:14+00:00,12255.55,USD,Medina-Navarro,refund
SYN-0000167,2026-01-18T13:58:46+00:00,22289.48,USD,"Hurst, Freeman and Nelson",fee
SYN-0000168,2026-01-08T10:14:51+00:00,4404.25,USD,Johnson-Rogers,wire
SYN-0000169,2026-01-14T02:40:07+00:00,20205.17,USD,"Yates, Ramsey and Pittman",internal_transfer
SYN-0000170,2026-01-24T11:18:55+00:00,10889.93,USD,Hooper PLC,wire
SYN-0000171,2026-01-14T00:42:12+00:00,21292.98,USD,Meadows PLC,
SYN-0000172,2026-01-05T04:58:10+00:00,22040.9,USD,"Alvarado, Miller and Patterson",
SYN-0000173,2026-01-23T13:25:28+00:00,15258.68,USD,White-Green,internal_transfer
SYN-0000174,2026-01-02T09:26:16+00:00,21273.97,USD,Lewis-Murphy,wire
SYN-0000175,2026-01-11T07:08:15+00:00,19946.01,USD,Ramirez-Bean,
SYN-0000176,2026-01-29T22:34:15+00:00,22002.8,USD,King-Miller,fee
SYN-0000177,2026-01-26T01:54:51+00:00,2141.24,USD,Curry Inc,
SYN-0000178,2026-01-24T17:14:04+00:00,18954.36,USD,Walker-Jones,internal_transfer
SYN-0000179,2026-01-24T19:50:53+00:00,19823.53,USD,"Williams, Johnson and Wright",wire
SYN-0000180,2026-01-11T18:10:42+00:00,17294.99,USD,Howell and Sons,wire
SYN-0000181,2026-01-29T05:33:40+00:00,11832.04,USD,Wells Inc,
SYN-0000182,2026-01-21T15:44:52+00:00,13760.16,USD,"Gould, Marshall and Scott",fee
SYN-0000183,2026-01-23T00:39:05+00:00,7666.27,USD,Jackson-Lawson,
SYN-0000184,2026-01-10T08:22:37+00:00,2989.75,USD,"Higgins, Strickland and Martin",
SYN-0000185,2026-01-09T23:42:54+00:00,5410.4,USD,Rodriguez-Johnson,
SYN-0000186,2026-01-29T14:55:06+00:00,13116.4,USD,Johnston-Odonnell,refund
SYN-0000187,2026-01-05T21:07:17+00:00,4853.75,USD,Sanders-Espinoza,refund
SYN-0000188,2026-01-09T17:03:52+00:00,354.7,USD,Vargas Ltd,
SYN-0000189,2026-01-14T07:35:45+00:00,24357.4,USD,Garcia LLC,
SYN-0000190,2026-01-07T03:07:34+00:00,21711.66,USD,"Burke, Martinez and Riggs",fee
SYN-0000191,2026-01-01T14:17:24+00:00,7109.2,USD,Reed Group,internal_transfer
SYN-0000192,2026-01-17T12:57:04+00:00,24137.48,USD,"Wood, Hunter and Peterson",
SYN-0000193,2026-01-24T04:35:41+00:00,20553.07,USD,Short-Garcia,
SYN-0000194,2026-01-04T14:18:43+00:00,15736.51,USD,Reid-Poole,internal_transfer
SYN-0000195,2026-01-08T05:49:40+00:00,14071.43,USD,"Hernandez, Thompson and Boyd",refund
SYN-0000196,2026-01-13T01:09:48+00:00,13952.27,USD,"Nelson, Morton and Medina",
SYN-0000197,2026-01-29T22:32:17+00:00,15460.84,USD,Marshall-Petersen,refund
SYN-0000198,2026-01-19T11:10:21+00:00,22712.7,USD,"Adams, Christian and Rivas",wire
SYN-0000199,2026-01-29T13:40:53+00:00,7635.2,USD,Ramirez Group,wire
SYN-0000200,2026-01-30T14:16:17+00:00,2481.74,USD,Christensen PLC,fee
SYN-0000201,2026-01-11T05:51:43+00:00,16511.04,USD,"Barnett, Rogers and Snyder",
SYN-0000202,2026-01-09T10:30:26+00:00,1877.55,USD,White-Lewis,internal_transfer
SYN-0000203,2026-01-22T20:52:29+00:00,not-a-number,USD,Peterson-Beard,fee
SYN-0000204,2026-01-15T03:20:30+00:00,5787.67,USD,"Beard, Peters and Black",
SYN-0000205,2026-01-23T00:59:05+00:00,17184.94,USD,Miller Ltd,
SYN-0000206,2026-01-29T15:09:16+00:00,20097.84,USD,Freeman-Chang,fee
SYN-0000207,2026-01-06T13:43:26+00:00,5621.01,USD,"Alvarez, Joseph and West",internal_transfer
SYN-0000208,2026-01-13T21:29:03+00:00,3556.76,USD,Davis and Sons,refund
SYN-0000209,2026-01-15T22:23:37+00:00,18724.19,USD,Holt-Torres,internal_transfer
SYN-0000210,2026-01-15T00:15:20+00:00,3109.72,USD,"Wood, Tran and Cooper",wire
SYN-0000211,2026-01-20T12:57:23+00:00,12512.3,USD,"Pierce, Bell and Chavez",
SYN-0000212,2026-01-04T21:43:17+00:00,997.48,USD,King-Martinez,internal_transfer
SYN-0000213,2026-01-16T15:31:54+00:00,6259.95,USD,Stewart Ltd,internal_transfer
SYN-0000214,2026-01-28T22:09:19+00:00,23769.71,USD,"Tapia, Vaughn and Lee",internal_transfer
SYN-0000215,2026-01-14T02:00:11+00:00,1006.75,USD,"Washington, Hardy and Bray",internal_transfer
SYN-0000216,2026-01-23T20:10:23+00:00,16288.09,USD,"Carlson, Hooper and Wall",internal_transfer
SYN-0000217,2026-01-09T19:27:00+00:00,10897.69,USD,Perez-White,internal_transfer
SYN-0000218,2026-01-05T10:18:18+00:00,8699.68,USD,Erickson and Sons,wire
SYN-0000219,2026-01-06T01:52:03+00:00,4021.46,USD,Williams-Brown,refund
SYN-0000220,2026-01-25T01:15:47+00:00,16564.93,USD,Terry-Martinez,
SYN-0000221,2026-01-27T16:54:32+00:00,11371.19,USD,Garcia-Smith,
SYN-0000222,2026-01-16T16:38:28+00:00,24254.65,USD,Harrison-Alexander,
SYN-0000223,2026-01-25T23:32:53+00:00,24702.99,USD,Sheppard LLC,refund
SYN-0000224,2026-01-27T08:10:02+00:00,10331.78,USD,Wilson-Jones,wire
SYN-0000225,2026-01-18T13:30:12+00:00,18911.32,USD,Jones-Soto,internal_transfer
SYN-0000226,2026-01-03T12:07:55+00:00,6677.14,USD,Hernandez PLC,
SYN-0000227,2026-01-14T23:34:41+00:00,22021.28,USD,Miller-Wright,wire
SYN-0000228,2026-01-02T09:38:07+00:00,15222.18,USD,"Duran, Obrien and Gibbs",fee
SYN-0000229,2026-01-08T16:31:26+00:00,13771.42,USD,Rowe Group,
SYN-0000230,2026-01-05T12:35:47+00:00,24806.44,USD,Kerr-Evans,
SYN-0000231,2026-01-23T09:37:32+00:00,16193.09,USD,"Branch, Torres and Oliver",
SYN-0000232,2026-01-15T04:02:36+00:00,17635.59,USD,"Choi, Garcia and Farmer",internal_transfer
SYN-0000233,2026-01-24T10:09:09+00:00,6094.03,USD,"Clark, Guerrero and Moore",wire
SYN-0000234,2026-01-19T14:54:36+00:00,23046.78,USD,Arnold and Sons,
SYN-0000235,2026-01-07T15:02:37+00:00,1746.18,USD,Ortiz Ltd,refund
SYN-0000236,2026-01-21T03:26:34+00:00,23356.28,USD,"Harrison, Johnson and Roberts",
SYN-0000237,2026-01-01T02:59:19+00:00,18151.55,USD,Warner-Gibson,
SYN-0000238,2026-01-29T03:39:34+00:00,12241.52,USD,"Hall, Baker and Moody",fee
SYN-0000239,2026-01-27T03:29:30+00:00,8628.75,USD,"Guerrero, Peck and Coleman",wire
SYN-0000240,2026-01-27T09:08:30+00:00,11384.16,USD,"Walker, Hernandez and Baker",wire
SYN-0000241,2026-01-10T03:47:45+00:00,5970.9,USD,Jones and Sons,fee
SYN-0000242,2026-01-20T22:35:15+00:00,7955.09,USD,Larson-Holloway,
SYN-0000243,2026-01-19T12:09:59+00:00,24710.36,USD,Gonzales-Harrison,wire
SYN-0000244,2026-01-08T09:12:55+00:00,24120.65,USD,Lyons-Bender,wire
SYN-0000245,2026-01-29T15:36:36+00:00,21742.64,USD,"Fernandez, Kim and George",
SYN-0000246,2026-01-22T08:59:38+00:00,13149.25,USD,Navarro-Munoz,
SYN-0000247,2026-01-07T23:57:11+00:00,21773.45,USD,Davis Ltd,wire
SYN-0000248,2026-01-04T15:10:52+00:00,19538.35,USD,"Matthews, Smith and Hubbard",wire
SYN-0000249,2026-01-20T07:06:05+00:00,2008.8,USD,Johnston-Hines,fee
SYN-0000250,2026-01-26T21:42:54+00:00,23853.54,USD,Ruiz Ltd,wire
SYN-0000251,2026-01-24T16:30:00+00:00,13525.86,USD,Moon-White,refund
SYN-0000252,2026-01-12T09:31:37+00:00,17110.3,USD,"Graham, Olsen and Costa",fee
SYN-0000253,2026-01-12T01:02:26+00:00,2260.39,USD,Bailey-Cook,fee
SYN-0000254,2026-01-05T21:05:57+00:00,4159.95,USD,"Garcia, Martin and Jenkins",wire
SYN-0000255,2026-01-02T09:43:33+00:00,8110.04,USD,Roberts-Landry,
SYN-0000256,2026-01-18T09:38:24+00:00,10767.74,USD,"Johnson, Miller and King",
SYN-0000257,2026-01-21T00:04:30+00:00,17045.33,USD,Cordova Group,internal_transfer
SYN-0000258,2026-01-09T11:58:14+00:00,15237.69,USD,"Bryan, Smith and Booth",
SYN-0000259,2026-01-12T16:35:13+00:00,22820.81,USD,Gutierrez-Lopez,wire
SYN-0000260,2026-01-23T09:16:42+00:00,6350.18,USD,Dean-Jimenez,fee
SYN-0000261,2026-01-01T10:56:55+00:00,11631.87,USD,Wolf-Harris,refund
SYN-0000262,2026-01-27T12:49:58+00:00,1847.47,USD,"Anderson, Roberts and Gilmore",
SYN-0000263,2026-01-29T12:34:14+00:00,15973.83,USD,Martinez-Dudley,
SYN-0000264,2026-01-13T03:23:07+00:00,21132.75,USD,"Lloyd, Mckinney and Collins",wire
SYN-0000265,2026-01-19T16:12:00+00:00,12080.72,USD,Tran Inc,refund
SYN-0000266,2026-01-28T18:20:17+00:00,14370.72,USD,Gay Inc,
SYN-0000267,2026-01-15T07:58:07+00:00,24448.63,USD,Valentine-Holland,
SYN-0000268,2026-01-14T07:47:34+00:00,14148.66,USD,Jimenez Ltd,
SYN-0000269,2026-01-03T09:08:26+00:00,18629.56,USD,Hicks-Hill,internal_transfer
SYN-0000270,2026-01-14T21:26:25+00:00,19971.7,USD,Baird-Sanchez,refund
SYN-0000271,2026-01-18T02:29:01+00:00,15915.81,USD,"Thomas, Lee and Greene",
SYN-0000272,2026-01-07T15:21:33+00:00,2430.0,USD,"Suarez, Shields and Hill",fee
SYN-0000273,2026-01-02T21:55:50+00:00,19715.47,USD,Morgan-French,
SYN-0000274,2026-01-18T17:05:38+00:00,29341.00,USD,,
SYN-0000275,2026-01-21T04:05:46+00:00,5020.67,USD,Hoover-Campbell,
SYN-0000276,2026-01-18T18:15:17+00:00,12545.37,USD,Monroe-Carpenter,internal_transfer
SYN-0000277,2026-01-08T23:42:29+00:00,22851.31,USD,"Burns, Hernandez and Ryan",
SYN-0000278,2026-01-15T07:51:52+00:00,21760.05,USD,Cook-Hines,fee
SYN-0000279,2026-01-23T17:38:44+00:00,3519.78,USD,Gibson-Morris,
SYN-0000280,2026-01-20T07:01:04+00:00,20114.89,USD,Pollard and Sons,refund
SYN-0000281,2026-01-20T03:42:45+00:00,6612.2,USD,"Reyes, Chase and Jenkins",
SYN-0000282,2026-01-18T21:26:00+00:00,18725.54,USD,Garner-Thornton,fee
SYN-0000283,2026-01-19T11:55:36+00:00,15964.09,USD,Hughes-Alvarado,refund
SYN-0000284,2026-01-12T08:25:20+00:00,626.59,USD,"Pollard, Simpson and Johnson",wire
SYN-0000285,2026-01-28T06:05:13+00:00,22881.48,USD,"Sanford, Rivera and Garcia",
SYN-0000286,2026-01-04T01:39:11+00:00,20596.56,USD,Garcia-Lozano,fee
SYN-0000287,2026-01-15T16:04:37+00:00,10207.99,USD,Bowen Group,fee
SYN-0000288,2026-01-02T19:21:18+00:00,24898.19,USD,"Booker, Jones and Harrington",
SYN-0000289,2026-01-12T09:33:42+00:00,3392.47,USD,Morgan-Schwartz,internal_transfer
SYN-0000290,2026-01-27T05:22:11+00:00,14683.92,USD,"Miller, Murphy and Craig",wire
SYN-0000291,2026-01-21T03:22:31+00:00,2476.44,USD,"James, Stewart and Higgins",fee
SYN-0000292,2026-01-20T19:29:22+00:00,818.87,USD,Brennan-Johnson,
SYN-0000293,2026-01-22T12:34:43+00:00,23763.93,USD,Young Ltd,wire
SYN-0000294,2026-01-05T19:45:23+00:00,9184.01,USD,Bright-Francis,fee
SYN-0000295,2026-01-18T09:53:07+00:00,9954.09,USD,Good-Hodges,
SYN-0000296,2026-01-06T22:19:34+00:00,20604.95,USD,"Brennan, Wallace and Benson",refund
SYN-0000297,2026-01-11T07:07:16+00:00,15987.68,USD,Williams Inc,fee
SYN-0000298,2026-01-03T10:55:41+00:00,8338.4,USD,Howard-Jordan,refund
SYN-0000299,2026-01-28T09:46:51+00:00,1716.19,USD,Schmidt PLC,
SYN-0000300,2026-01-11T01:21:20+00:00,5399.57,USD,"Sparks, Jackson and Miller",internal_transfer
SYN-0000301,2026-01-16T22:47:58+00:00,3689.71,USD,Harvey-Allen,refund
SYN-0000302,2026-01-01T03:18:13+00:00,21460.29,USD,"Thomas, Murray and King",
SYN-0000303,2026-01-07T07:27:06+00:00,6267.1,USD,Estrada-Nolan,internal_transfer
SYN-0000304,2026-01-02T06:02:09+00:00,372.49,USD,Santana-Byrd,
SYN-0000305,2026-01-12T13:12:37+00:00,8094.96,USD,Jones LLC,internal_transfer
SYN-0000306,2026-01-03T13:02:57+00:00,18543.21,USD,"Evans, Hayden and Vaughn",
SYN-0000307,2026-01-04T02:03:01+00:00,11207.43,USD,Bruce-Gonzalez,wire
SYN-0000308,2026-01-29T19:40:15+00:00,11300.68,USD,Castaneda-Rodriguez,
SYN-0000309,2026-01-30T20:39:05+00:00,18181.35,USD,Armstrong-Andrews,
SYN-0000310,2026-01-26T07:32:04+00:00,11451.61,USD,"Phillips, Spence and Barrett",
SYN-0000311,2026-01-03T22:52:00+00:00,21182.62,USD,Smith-Grimes,wire
SYN-0000312,2026-01-06T05:47:04+00:00,17810.32,USD,"Beltran, Lozano and Mcgee",wire
SYN-0000313,2026-01-04T22:07:39+00:00,15207.83,USD,Parsons-Hall,
SYN-0000314,2026-01-14T08:25:00+00:00,15827.29,USD,Robinson-Lee,internal_transfer
SYN-0000315,2026-01-16T18:52:06+00:00,24865.7,USD,Byrd-Le,wire
SYN-0000316,2026-01-23T00:37:00+00:00,15136.06,USD,"Becker, Taylor and Davis",internal_transfer
SYN-0000317,2026-01-06T13:18:07+00:00,16368.17,USD,"Lucas, Parker and Alexander",refund
SYN-0000318,2026-01-27T18:21:07+00:00,21637.44,USD,"Diaz, Anderson and Browning",fee
SYN-0000319,2026-01-12T02:12:51+00:00,8473.95,USD,Burgess-Thompson,wire
SYN-0000320,2026-01-21T04:39:47+00:00,2378.05,USD,Buchanan LLC,fee
SYN-0000321,2026-01-13T08:58:05+00:00,23839.86,USD,"Shaw, Nelson and Martin",
SYN-0000322,2026-01-24T00:33:43+00:00,2281.53,USD,Coffey-Phillips,
SYN-0000323,2026-01-21T23:10:21+00:00,18614.98,USD,Brock-Mcdonald,
SYN-0000324,2026-01-07T07:35:43+00:00,1500.46,USD,Taylor and Sons,internal_transfer
SYN-0000325,2026-01-28T06:24:30+00:00,16750.66,USD,"Ramsey, Whitney and Coffey",
SYN-0000326,2026-01-21T12:45:25+00:00,22896.18,USD,"Diaz, Gibbs and Smith",refund
SYN-0000327,2026-01-14T23:06:45+00:00,7811.91,USD,"Martinez, Richardson and Curry",internal_transfer
SYN-0000328,2026-01-25T15:10:42+00:00,3869.1,USD,Richards-Carson,
SYN-0000329,2026-01-06T06:05:00+00:00,21134.49,USD,Rodriguez-Hall,
SYN-0000330,2026-01-14T12:33:19+00:00,5654.75,USD,Harvey PLC,internal_transfer
SYN-0000331,2026-01-28T05:34:20+00:00,20460.85,USD,Herman-Walker,refund
SYN-0000332,2026-01-28T00:38:55+00:00,15225.26,USD,Reid Group,
SYN-0000333,2026-01-13T23:35:57+00:00,4511.22,USD,"Turner, Ortiz and Taylor",
SYN-0000334,2026-01-15T23:59:35+00:00,8776.23,USD,Torres Group,
SYN-0000335,2026-01-07T22:54:00+00:00,16433.96,USD,Davis PLC,internal_transfer
SYN-0000336,2026-01-02T11:43:05+00:00,18653.05,USD,Price LLC,
SYN-0000337,2026-01-21T09:08:25+00:00,8523.06,USD,"Avery, Horton and Fernandez",wire
SYN-0000338,2026-01-16T17:56:00+00:00,23535.24,USD,"Newton, Moore and Perry",refund
SYN-0000339,2026-01-03T13:17:37+00:00,3936.09,USD,Bass PLC,
SYN-0000340,2026-01-04T23:02:57+00:00,11078.38,USD,Crosby-Ramirez,
SYN-0000341,2026-01-30T11:17:41+00:00,10355.18,USD,"Wood, Ramos and Sampson",wire
SYN-0000342,2026-01-25T20:55:36+00:00,8629.98,USD,Garcia-Jennings,
SYN-0000343,2026-01-29T19:03:05+00:00,13173.83,USD,"Winters, Newman and Brown",wire
SYN-0000344,2026-01-11T16:55:21+00:00,24611.16,USD,Lopez-Martinez,wire
SYN-0000345,2026-01-10T22:10:12+00:00,23633.16,USD,Davis-Lewis,
SYN-0000346,2026-01-13T09:42:06+00:00,8203.73,USD,"Harper, Smith and Buchanan",
SYN-0000347,2026-01-21T21:44:58+00:00,not-a-number,USD,Zhang PLC,
SYN-0000348,2026-01-26T20:30:12+00:00,5753.54,USD,Jones PLC,fee
SYN-0000349,2026-01-18T04:38:04+00:00,9927.38,USD,Willis and Sons,
SYN-0000350,2026-01-22T04:13:57+00:00,11494.4,USD,Schroeder-Kramer,
SYN-0000351,2026-01-16T04:44:31+00:00,10732.68,USD,"Smith, Garrison and Thomas",internal_transfer
SYN-0000352,2026-01-21T06:38:55+00:00,2880.22,USD,Fernandez and Sons,
SYN-0000353,2026-01-16T18:22:56+00:00,3092.54,12A,Guerrero Inc,
SYN-0000354,2026-01-05T06:40:43+00:00,21112.26,USD,Smith and Sons,wire
SYN-0000355,2026-01-29T14:05:05+00:00,13099.54,USD,"Morris, Thompson and Williams",wire
SYN-0000356,2026-01-16T01:29:45+00:00,8488.49,USD,"Fisher, Wilson and Brown",fee
SYN-0000357,2026-01-09T03:53:19+00:00,12762.57,USD,Strickland-Palmer,
SYN-0000358,2026-01-25T18:08:13+00:00,22648.16,USD,Hayes and Sons,
SYN-0000359,2026-01-08T04:04:16+00:00,2571.01,USD,"Williams, Logan and Camacho",
SYN-0000360,2026-01-09T10:08:27+00:00,3822.59,USD,"Turner, Schneider and Johnson",internal_transfer
SYN-0000361,2026-01-04T15:47:34+00:00,23782.35,USD,Boone-Simmons,
SYN-0000362,2026-01-23T12:32:40+00:00,14093.82,USD,Henry Group,refund
SYN-0000363,2026-01-28T09:40:50+00:00,15882.82,USD,Lam LLC,fee
SYN-0000364,2026-01-16T08:19:42+00:00,10994.63,USD,"Hernandez, Martinez and Weber",
SYN-0000365,2026-01-15T16:48:40+00:00,6867.57,USD,"Kelley, Nguyen and Vang",refund
SYN-0000366,2026-01-25T15:05:25+00:00,7760.89,USD,"Phillips, Wagner and Jordan",
SYN-0000367,2026-01-03T18:16:54+00:00,20792.58,USD,"Wilson, Pena and Rich",
SYN-0000368,2026-01-05T09:12:10+00:00,14852.4,USD,"Le, Lewis and Hayes",internal_transfer
SYN-0000369,2026-01-29T04:07:57+00:00,23855.83,USD,Gutierrez Group,internal_transfer
SYN-0000370,2026-01-02T23:47:41+00:00,22726.34,USD,Perry-Davis,wire
SYN-0000371,2026-01-10T03:18:53+00:00,15125.54,USD,Edwards-Scott,
SYN-0000372,2026-01-04T00:05:17+00:00,2588.44,USD,Mcdaniel Group,wire
SYN-0000373,2026-01-17T16:08:02+00:00,2109.14,USD,Davis Inc,fee
SYN-0000374,2026-01-02T21:36:13+00:00,17690.83,USD,Reynolds Ltd,
SYN-0000375,2026-01-26T10:35:02+00:00,15245.53,USD,"Watson, Anderson and Brown",internal_transfer
SYN-0000376,2026-01-14T17:35:41+00:00,10219.83,USD,"Hoffman, Santiago and Jenkins",wire
SYN-0000377,2026-01-30T00:35:15+00:00,19730.88,USD,"Pugh, Henderson and Moon",
SYN-0000378,2026-01-04T04:47:34+00:00,2363.55,USD,Schmitt PLC,
SYN-0000379,2026-01-14T19:03:18+00:00,18093.62,USD,Bell-Lane,
SYN-0000380,2026-01-30T06:11:50+00:00,3760.18,USD,Moore Group,refund
SYN-0000381,2026-01-07T20:46:33+00:00,7756.48,USD,Boone LLC,
SYN-0000382,2026-01-20T00:39:50+00:00,14876.44,USD,"Richardson, Farmer and Andrews",
SYN-0000383,2026-01-16T00:41:20+00:00,9417.61,USD,Bruce-Villegas,internal_transfer
SYN-0000384,2026-01-07T04:53:25+00:00,17571.07,USD,"Austin, Day and Johnson",fee
SYN-0000385,2026-01-26T13:17:33+00:00,16150.97,USD,"Gallegos, Adams and White",
SYN-0000386,2026-01-18T13:33:37+00:00,9065.58,USD,"Farmer, Dorsey and Bell",
SYN-0000387,2026-01-11T09:33:09+00:00,23691.76,USD,Kane PLC,
SYN-0000388,2026-01-11T23:56:30+00:00,3874.47,USD,"Morales, Thomas and Schultz",
SYN-0000389,2026-01-05T21:50:15+00:00,19272.1,USD,Davis PLC,internal_transfer
SYN-0000390,2026-01-26T13:27:13+00:00,16548.57,USD,Bennett Group,
SYN-0000391,2026-01-07T08:40:59+00:00,9418.62,USD,Moore-Collins,internal_transfer
SYN-0000392,2026-01-09T00:52:01+00:00,10942.4,USD,Frank-Bradley,fee
SYN-0000393,2026-01-12T12:44:33+00:00,15265.27,USD,Ware and Sons,wire
SYN-0000394,2026-01-22T19:02:20+00:00,13350.74,USD,Webster Inc,
SYN-0000395,2026-01-23T18:26:34+00:00,4851.21,USD,"Miller, Ramos and Coleman",refund
SYN-0000396,2026-01-28T16:35:12+00:00,11542.54,USD,"Ramos, Nelson and Fischer",wire
SYN-0000397,2026-01-19T12:54:49+00:00,13186.97,USD,Reed Inc,internal_transfer
SYN-0000398,2026-01-10T16:39:52+00:00,15116.98,USD,Gregory-Watkins,refund
SYN-0000399,2026-01-03T12:47:37+00:00,12015.29,USD,"Estrada, Williams and Foster",fee
SYN-0000400,2026-01-05T23:31:32+00:00,21147.46,USD,"Brown, Harris and Dougherty",fee
SYN-0000401,2026-01-14T20:07:20+00:00,19078.16,USD,Duran LLC,
SYN-0000402,2026-01-25T22:05:57+00:00,20776.34,USD,Wilson-Jimenez,
SYN-0000403,2026-01-11T18:41:34+00:00,11278.75,USD,Thompson-James,refund
SYN-0000404,2026-01-02T07:04:22+00:00,1332.37,USD,"Hall, Hansen and Barnett",wire
SYN-0000405,2026-01-12T10:42:04+00:00,24863.14,USD,Jones-Hensley,wire
SYN-0000406,2026-01-02T08:50:27+00:00,23270.72,USD,Graham Group,
SYN-0000407,2026-01-17T06:38:29+00:00,3652.09,USD,Atkins PLC,refund
SYN-0000408,2026-01-23T22:26:59+00:00,3795.41,usd,Berry-Mckinney,
SYN-0000409,2026-01-01T06:07:05+00:00,476.08,USD,Roberts-Sullivan,
SYN-0000410,2026-01-08T06:12:10+00:00,23505.71,USD,Jackson-Meza,internal_transfer
SYN-0000411,2026-01-21T13:07:39+00:00,19404.54,USD,Collier-Gillespie,
SYN-0000412,2026-01-06T21:57:49+00:00,5961.75,USD,Kim Inc,
SYN-0000413,2026-01-23T04:34:33+00:00,2772.34,USD,Graham Group,
SYN-0000414,2026-01-29T23:15:04+00:00,411.87,USD,"Miller, Harrell and Reese",internal_transfer
SYN-0000415,2026-01-12T17:52:42+00:00,3590.28,USD,Cook and Sons,fee
SYN-0000416,2026-01-30T20:18:18+00:00,6014.87,USD,Dixon Inc,
SYN-0000417,2026-01-05T03:44:50+00:00,24366.39,USD,"Hicks, Bullock and Bailey",internal_transfer
SYN-0000418,2026-01-26T12:54:13+00:00,12683.69,USD,"Mullen, Brewer and Hernandez",internal_transfer
SYN-0000419,2026-01-27T21:38:01+00:00,9761.95,USD,Thomas and Sons,
SYN-0000420,2026-01-19T18:44:57+00:00,6342.0,USD,Morrison Ltd,
SYN-0000421,2026-01-04T06:42:45+00:00,53064.00,USD,,
SYN-0000422,2026-01-29T05:57:59+00:00,18917.22,USD,Thompson Ltd,fee
SYN-0000423,2026-01-18T02:27:29+00:00,8464.34,USD,Marshall-Elliott,internal_transfer
SYN-0000424,2026-01-23T13:19:29+00:00,11963.8,USD,"Cole, Glass and Cunningham",fee
SYN-0000425,2026-01-07T13:06:52+00:00,17901.41,USD,"Downs, Morris and Maddox",
SYN-0000426,2026-01-02T19:05:21+00:00,5040.57,USD,Hernandez-Jones,
SYN-0000427,2026-01-03T00:49:26+00:00,23334.34,USD,Welch-Hogan,
SYN-0000428,2026-01-27T08:40:35+00:00,6333.59,USD,"Brown, Romero and Collins",wire
SYN-0000429,2026-01-10T06:39:05+00:00,8925.0,USD,Johnson-Wood,
SYN-0000430,2026-01-17T02:43:13+00:00,3112.75,USD,Jones-Lin,
SYN-0000431,2026-01-20T10:03:32+00:00,10993.98,USD,Gilbert PLC,fee
SYN-0000432,2026-01-17T11:00:22+00:00,12405.58,USD,Ford-Spencer,
SYN-0000433,2026-01-26T05:00:00+00:00,20028.9,USD,"Huang, Cole and Pacheco",
SYN-0000434,2026-01-04T19:57:23+00:00,15061.73,USD,"Lopez, Jacobs and Mason",wire
SYN-0000435,2026-01-27T11:31:25+00:00,8030.96,USD,Hayes LLC,
SYN-0000436,2026-01-15T08:26:43+00:00,11148.45,USD,"Miller, Lucas and Williams",
SYN-0000437,2026-01-09T02:09:18+00:00,11098.27,USD,"Kim, Gonzales and Mills",fee
SYN-0000438,2026-01-18T02:45:40+00:00,24953.77,USD,Cox LLC,internal_transfer
SYN-0000439,2026-01-03T18:49:37+00:00,16779.93,USD,Ortiz-Morgan,
SYN-0000440,2026-01-25T21:47:18+00:00,18747.7,USD,"Williams, Mccoy and Cook",refund
SYN-0000441,2026-01-02T12:16:53+00:00,21216.88,USD,Davis-Gregory,
SYN-0000442,2026-01-22T06:30:30+00:00,3156.62,USD,King-York,
SYN-0000443,2026-01-18T18:48:12+00:00,9571.98,USD,"Marks, Cook and Aguilar",
SYN-0000444,2026-01-30T08:59:11+00:00,16976.87,USD,Rangel LLC,
SYN-0000445,2026-01-19T01:25:37+00:00,19077.35,USD,"Hale, Myers and Larson",wire
SYN-0000446,2026-01-26T16:51:55+00:00,9951.45,USD,Collins Group,
SYN-0000447,2026-01-13T02:49:07+00:00,648.81,USD,"Conner, Li and Santiago",
SYN-0000448,2026-01-26T03:13:01+00:00,22838.65,USD,"Osborn, Gaines and Davis",wire
SYN-0000449,2026-01-13T15:15:34+00:00,11157.38,USD,"Henderson, Cox and Cox",fee
SYN-0000450,2026-01-14T20:43:16+00:00,22912.06,USD,Bean LLC,fee
SYN-0000451,2026-01-06T22:52:58+00:00,21320.8,USD,Lee-Cooke,
SYN-0000452,2026-01-22T14:35:31+00:00,20263.02,USD,Jones Inc,
SYN-0000453,2026-01-16T12:20:48+00:00,8686.28,USD,"Wise, Conley and Stephenson",fee
SYN-0000454,2026-01-27T07:40:31+00:00,22283.4,USD,Stanley PLC,
SYN-0000455,2026-01-09T10:49:50+00:00,9037.94,USD,Harper and Sons,refund
SYN-0000456,2026-01-10T18:09:32+00:00,3472.78,USD,White Ltd,refund
SYN-0000457,2026-01-02T06:37:23+00:00,13850.98,USD,"Lamb, Martin and Kim",
SYN-0000458,2026-01-27T18:42:54+00:00,15299.1,USD,Diaz-Ball,
SYN-0000459,2026-01-16T00:20:59+00:00,24989.88,USD,Bishop-Goodwin,wire
SYN-0000460,2026-01-26T12:28:47+00:00,19229.34,USD,Young-Allen,wire
SYN-0000461,2026-01-04T13:55:32+00:00,24309.52,USD,Mckee-Lee,
SYN-0000462,2026-01-22T20:15:29+00:00,17003.04,USD,"Valentine, Joyce and Murray",wire
SYN-0000463,2026-01-27T18:18:54+00:00,14695.06,USD,Strickland-Shaw,fee
SYN-0000464,2026-01-07T06:20:03+00:00,12572.09,USD,Burch-Montoya,wire
SYN-0000465,2026-01-07T00:39:29+00:00,3826.23,USD,"Taylor, Wright and Davidson",internal_transfer
SYN-0000466,2026-01-16T15:55:37+00:00,5637.53,USD,Spencer-Garcia,fee
SYN-0000467,2026-01-26T04:33:35+00:00,21148.5,USD,"Rosales, Mitchell and Hines",
SYN-0000468,2026-01-27T17:46:36+00:00,3130.13,USD,Cole-Palmer,
SYN-0000469,2026-01-26T21:32:49+00:00,12564.83,USD,Davis-Lozano,
SYN-0000470,2026-01-29T04:30:07+00:00,4280.84,USD,Wilkerson-Arias,
SYN-0000471,2026-01-30T09:02:16+00:00,21063.41,USD,Brown-Shaw,
SYN-0000472,2026-01-02T09:03:27+00:00,1137.5,USD,Hughes Inc,
SYN-0000473,2026-01-28T23:59:13+00:00,16278.6,USD,Walker-Flores,
SYN-0000474,2026-01-21T05:21:31+00:00,15975.14,USD,Combs Ltd,internal_transfer
SYN-0000475,2026-01-27T11:38:37+00:00,16048.04,USD,Moody-Taylor,
SYN-0000476,2026-01-12T21:18:12+00:00,20183.93,USD,Lowery-Kennedy,refund
SYN-0000477,2026-01-23T00:25:01+00:00,17215.65,USD,Blake Group,
SYN-0000478,2026-01-21T04:14:03+00:00,11611.59,USD,Gilbert-Bullock,wire
SYN-0000479,2026-01-07T23:23:10+00:00,21537.27,USD,Scott and Sons,
SYN-0000480,2026-01-17T18:23:09+00:00,3270.02,USD,"Bentley, Lynch and Henderson",wire
SYN-0000481,2026-01-28T06:22:15+00:00,7978.58,USD,Young-Martinez,
SYN-0000482,2026-01-13T23:37:37+00:00,6198.72,USD,Barnes PLC,wire
SYN-0000483,2026-01-15T02:07:17+00:00,21604.23,USD,Brown-Copeland,wire
SYN-0000484,2026-01-08T18:03:48+00:00,8186.57,USD,Carlson-Smith,refund
SYN-0000485,2026-01-16T04:20:21+00:00,19078.27,USD,"Andrews, Higgins and Carter",
SYN-0000486,2026-01-25T23:41:52+00:00,12469.49,USD,Mendez and Sons,wire
SYN-0000487,2026-01-02T03:00:08+00:00,23630.87,USD,"Butler, Beck and Miller",
SYN-0000488,2026-01-12T16:28:09+00:00,14584.02,USD,Jones-Fox,
SYN-0000489,2026-01-14T15:48:14+00:00,14938.37,USD,"Hartman, Romero and Smith",wire
SYN-0000490,2026-01-23T20:16:24+00:00,13417.73,USD,Williams-Hughes,
SYN-0000491,2026-01-21T22:04:02+00:00,22061.51,USD,King-Smith,
SYN-0000492,2026-01-20T13:49:30+00:00,1132.01,USD,Cooper Ltd,
SYN-0000493,2026-01-28T06:33:50+00:00,9063.73,USD,"Fuller, Ingram and Moss",
SYN-0000494,2026-01-19T18:07:44+00:00,11259.41,USD,Anderson-Bell,internal_transfer
SYN-0000495,2026-01-30T15:55:00+00:00,3217.46,USD,Li-Thompson,
SYN-0000496,2026-01-19T02:48:27+00:00,24669.7,USD,"Marshall, Dominguez and Welch",refund
SYN-0000497,2026-01-18T17:57:44+00:00,3607.54,USD,Brown Group,refund
SYN-0000498,2026-01-20T11:38:59+00:00,1007.33,USD,Carter Inc,internal_transfer
SYN-0000499,2026-01-17T04:01:13+00:00,39950.00,USD,,
SYN-0000500,2026-01-26T00:36:27+00:00,8199.82,USD,Blackwell LLC,
SYN-0000501,2026-01-08T21:19:42+00:00,24765.4,USD,Robertson-Hays,wire
SYN-0000502,2026-01-15T12:37:59+00:00,8410.0,USD,"Kennedy, Johnson and Lucas",internal_transfer
SYN-0000503,2026-01-26T20:13:15+00:00,17718.79,USD,Kelly-Norman,wire
SYN-0000504,2026-01-01T19:23:00+00:00,8281.66,USD,"Rivera, Martinez and Richardson",
SYN-0000505,2026-01-21T05:18:16+00:00,7692.64,USD,Paul-Kline,internal_transfer
SYN-0000506,2026-01-02T07:02:46+00:00,11865.28,USD,Morgan-Lopez,internal_transfer
SYN-0000507,2026-01-29T01:58:17+00:00,5689.35,USD,"Jimenez, Glass and Stone",internal_transfer
SYN-0000508,2026-01-24T07:45:48+00:00,13106.28,USD,Acosta Inc,
SYN-0000509,2026-01-19T10:57:13+00:00,20541.71,USD,Morrison-Short,
SYN-0000510,2026-01-28T19:05:33+00:00,2748.28,USD,"Carter, Garcia and Murphy",fee
SYN-0000511,2026-01-16T05:28:41+00:00,55253.00,USD,,
SYN-0000512,2026-01-25T08:39:43+00:00,15287.34,USD,Parker-Morrison,refund
SYN-0000513,2026-01-04T00:33:46+00:00,3452.92,USD,Jackson-Wallace,fee
SYN-0000514,2026-01-16T18:42:36+00:00,11959.8,USD,Williams-Berg,fee
SYN-0000515,2026-01-09T09:46:19+00:00,22803.19,USD,Mendez-Graham,wire
SYN-0000516,2026-01-18T04:46:27+00:00,19299.97,USD,"Whitney, Gould and Jones",fee
SYN-0000517,2026-01-13T20:00:15+00:00,12105.02,USD,"Sullivan, Palmer and Brady",internal_transfer
SYN-0000518,2026-01-14T13:03:57+00:00,7463.18,USD,Cisneros and Sons,internal_transfer
SYN-0000519,2026-01-15T10:44:45+00:00,7225.81,USD,"Gregory, Kim and Martinez",refund
SYN-0000520,2026-01-24T17:43:47+00:00,11995.61,USD,Osborne LLC,
SYN-0000521,2026-01-14T06:36:04+00:00,3047.73,USD,Reyes-Bradley,
SYN-0000522,2026-01-19T10:22:32+00:00,20459.62,USD,"Hernandez, Cole and Watson",wire
SYN-0000523,2026-01-08T02:39:25+00:00,1052.62,USD,Hines-Berry,
SYN-0000524,2026-01-04T20:04:33+00:00,23100.32,USD,"Richardson, Edwards and Ramirez",
SYN-0000525,2026-01-24T06:10:04+00:00,5052.5,USD,Johnson and Sons,
SYN-0000526,2026-01-28T06:47:54+00:00,6791.27,USD,Holmes-Mcintyre,fee
SYN-0000527,2026-01-29T11:42:25+00:00,6062.21,USD,Green LLC,
SYN-0000528,2026-01-26T18:42:29+00:00,15948.98,USD,"Griffin, Davies and Mitchell",
SYN-0000529,2026-01-21T01:31:51+00:00,17934.23,USD,Gonzalez-Taylor,
SYN-0000530,2026-01-07T16:09:38+00:00,24113.0,USD,Hayes Ltd,
SYN-0000531,2026-01-08T16:00:52+00:00,16322.67,USD,Osborn-Cochran,wire
SYN-0000532,2026-01-24T02:13:48+00:00,16263.82,USD,Contreras-Mckinney,wire
SYN-0000533,2026-01-14T22:39:53+00:00,7136.1,USD,"Daniels, Vance and York",
SYN-0000534,2026-01-05T08:13:45+00:00,14353.76,USD,"Mckinney, Graves and Thompson",fee
SYN-0000535,2026-01-02T19:27:20+00:00,10447.71,USD,Hicks-Martinez,
SYN-0000536,2026-01-02T18:20:20+00:00,9925.47,USD,Conner and Sons,refund
SYN-0000537,2026-01-15T01:15:12+00:00,232.67,USD,Johnson-Spencer,
SYN-0000538,2026-01-06T05:00:51+00:00,7114.76,USD,Mcdonald-Bird,
SYN-0000539,2026-01-27T08:59:27+00:00,12348.32,USD,Salazar Inc,internal_transfer
SYN-0000540,2026-01-25T11:27:01+00:00,6821.65,USD,Parker Ltd,wire
SYN-0000541,2026-01-17T01:16:29+00:00,18278.25,USD,"Mendoza, Jenkins and Ortiz",
SYN-0000542,2026-01-10T00:56:15+00:00,18415.71,USD,"Jones, Compton and Day",
SYN-0000543,2026-01-28T13:30:47+00:00,18932.31,USD,Owens-Holmes,fee
SYN-0000544,2026-01-20T16:25:49+00:00,10693.15,USD,Humphrey PLC,refund
SYN-0000545,2026-01-20T11:00:16+00:00,2385.53,USD,"Matthews, Saunders and Anderson",fee
SYN-0000546,2026-01-24T04:16:27+00:00,23395.7,USD,"Bartlett, Brown and Martinez",
SYN-0000547,2026-01-19T14:53:47+00:00,not-a-number,USD,Torres and Sons,
SYN-0000548,2026-01-13T23:04:15+00:00,7549.34,USD,Donovan-Perez,
SYN-0000549,2026-01-01T13:19:24+00:00,16342.43,USD,"Jacobson, Singleton and King",
SYN-0000550,2026-01-04T00:22:48+00:00,2956.5,USD,"Huber, Hill and Weber",fee
SYN-0000551,2026-01-20T16:20:40+00:00,12563.51,USD,"Ferguson, Shaw and Jackson",fee
SYN-0000552,2026-01-16T02:18:56+00:00,2936.28,USD,"Moore, Hopkins and Le",fee
SYN-0000553,2026-01-15T07:44:37+00:00,15366.02,USD,"Morgan, Bradshaw and Williams",
SYN-0000554,2026-01-07T11:37:08+00:00,3830.49,USD,Miller Ltd,wire
SYN-0000555,2026-01-30T09:44:13+00:00,10396.72,USD,"Baker, Clark and Armstrong",
SYN-0000556,2026-01-23T20:33:16+00:00,13438.4,USD,"Fowler, Jimenez and Burton",refund
SYN-0000557,2026-01-11T14:28:04+00:00,6187.39,USD,May-Turner,refund
SYN-0000558,2026-01-04T23:23:08+00:00,11169.25,USD,Ballard Ltd,internal_transfer
SYN-0000559,2026-01-04T18:59:46+00:00,2806.11,USD,Evans-Jones,internal_transfer
SYN-0000560,2026-01-25T12:56:06+00:00,14317.97,USD,Moore Group,
SYN-0000561,2026-01-16T22:17:05+00:00,13009.02,USD,Marshall-Peterson,refund
SYN-0000562,2026-01-10T23:18:36+00:00,14579.11,USD,Edwards Ltd,fee
SYN-0000563,2026-01-25T18:37:49+00:00,20217.49,USD,Gross-Valencia,wire
SYN-0000564,2026-01-25T21:58:37+00:00,11420.51,USD,Anderson-Wood,wire
SYN-0000565,2026-01-23T10:42:35+00:00,20173.08,USD,"Rodriguez, Allen and Martinez",fee
SYN-0000566,2026-01-20T05:18:49+00:00,20411.51,USD,Wright-Davis,
SYN-0000567,2026-01-29T01:46:53+00:00,1133.2,USD,Dougherty-Lin,
SYN-0000568,2026-01-04T02:17:08+00:00,24853.1,USD,Wright-Grimes,internal_transfer
SYN-0000569,2026-01-04T08:24:47+00:00,794.34,USD,Li PLC,wire
SYN-0000570,2026-01-07T13:47:09+00:00,16038.48,USD,"Edwards, Hines and Jimenez",refund
SYN-0000571,2026-01-21T09:45:25+00:00,24821.42,USD,"Owens, Koch and Jimenez",
SYN-0000572,2026-01-19T07:48:54+00:00,2007.17,USD,Landry PLC,wire
SYN-0000573,2026-01-27T04:19:49+00:00,16338.7,USD,Levy-Lewis,
SYN-0000574,2026-01-09T15:56:12+00:00,9827.07,USD,Williams-Campbell,internal_transfer
SYN-0000575,2026-01-11T19:27:10+00:00,87.83,USD,"Khan, Pena and Ruiz",refund
SYN-0000576,2026-01-15T11:37:05+00:00,2724.5,12A,"Smith, Rodriguez and Anderson",
SYN-0000577,2026-01-12T03:34:40+00:00,11516.17,USD,Luna-Gallagher,
SYN-0000578,2026-01-10T03:35:44+00:00,19137.48,USD,Williams-Williams,fee
SYN-0000579,2026-01-21T08:27:02+00:00,4419.36,US,"Lee, Tran and Jones",
SYN-0000580,2026-01-04T06:23:58+00:00,14849.01,USD,"Cole, Pierce and Bryan",
SYN-0000581,2026-01-03T08:42:43+00:00,18513.79,USD,"Becker, Wilson and Hester",
SYN-0000582,2026-01-12T09:01:30+00:00,5432.51,USD,Brooks-Hatfield,internal_transfer
SYN-0000583,2026-01-03T17:45:43+00:00,12597.89,USD,"Mcmillan, Fischer and Gonzalez",
SYN-0000584,2026-01-28T23:13:01+00:00,14437.29,USD,"Morales, Williams and Williams",
SYN-0000585,2026-01-16T13:36:06+00:00,7544.81,USD,"Cook, Wells and Bryant",
SYN-0000586,2026-01-26T07:18:05+00:00,10339.59,USD,"Barry, Taylor and Velazquez",
SYN-0000587,2026-01-28T00:37:25+00:00,21992.97,USD,Martin-Ewing,internal_transfer
SYN-0000588,2026-01-21T17:43:29+00:00,12391.02,USD,"Kirby, Wheeler and Romero",internal_transfer
SYN-0000589,2026-01-19T12:04:38+00:00,13112.05,USD,"Patel, Erickson and Evans",refund
SYN-0000590,2026-01-20T19:39:23+00:00,7497.91,USD,Richardson Ltd,
SYN-0000591,2026-01-27T02:43:54+00:00,6024.96,USD,Whitney PLC,wire
SYN-0000592,2026-01-08T00:10:55+00:00,11576.17,USD,Robles-Swanson,refund
SYN-0000593,2026-01-21T00:48:14+00:00,13932.61,USD,"Soto, Carlson and Baker",wire
SYN-0000594,2026-01-12T18:57:02+00:00,5084.21,USD,"Patton, Parsons and Lane",
SYN-0000595,2026-01-22T20:02:22+00:00,9277.57,USD,"Williams, Castillo and Warren",refund
SYN-0000596,2026-01-10T05:55:37+00:00,6712.27,USD,"Harvey, Randall and Hernandez",
SYN-0000597,2026-01-30T06:27:18+00:00,21840.64,USD,"Allen, Armstrong and Graves",
SYN-0000598,2026-01-29T12:35:04+00:00,16786.59,USD,Smith LLC,fee
SYN-0000599,2026-01-11T03:22:24+00:00,22675.91,USD,Hernandez-Vaughn,refund
SYN-0000600,2026-01-01T17:51:54+00:00,23429.06,USD,Shaw-Carr,
SYN-0000601,2026-01-06T16:40:59+00:00,24989.3,USD,Salas-Fitzgerald,fee
SYN-0000602,2026-01-12T18:38:29+00:00,15110.43,USD,Thornton PLC,fee
SYN-0000603,2026-01-12T14:50:26+00:00,8041.05,USD,Hoffman Ltd,internal_transfer
SYN-0000604,2026-01-23T15:13:16+00:00,16218.38,USD,Fox-Edwards,internal_transfer
SYN-0000605,2026-01-18T11:00:58+00:00,22070.42,USD,Stevens PLC,internal_transfer
SYN-0000606,2026-01-23T18:59:45+00:00,20993.44,USD,Payne-Lowe,refund
SYN-0000607,2026-01-18T23:54:09+00:00,10348.84,USD,"Becker, Lara and Baker",
SYN-0000608,2026-01-11T17:48:10+00:00,3648.92,USD,Lee-Wright,fee
SYN-0000609,2026-01-29T08:26:47+00:00,18000.58,USD,"Evans, David and Hendrix",internal_transfer
SYN-0000610,2026-01-10T12:34:47+00:00,5751.24,USD,Bush-Vaughn,
SYN-0000611,2026-01-12T22:17:46+00:00,13766.51,USD,Stewart-Bailey,wire
SYN-0000612,2026-01-17T09:17:27+00:00,19084.25,USD,"Hill, Martinez and Rhodes",
SYN-0000613,2026-01-24T19:35:07+00:00,4206.67,USD,Huang-Foster,wire
SYN-0000614,2026-01-09T05:12:31+00:00,18008.12,USD,Blevins-Ballard,
SYN-0000615,2026-01-27T07:38:06+00:00,23930.97,USD,Williams-Moses,fee
SYN-0000616,2026-01-04T14:36:04+00:00,16705.72,USD,Reed Group,refund
SYN-0000617,2026-01-21T00:28:18+00:00,21063.78,USD,"Scott, Mendoza and Harris",
SYN-0000618,2026-01-08T07:57:44+00:00,5468.77,USD,"Nelson, Hoffman and Nelson",
SYN-0000619,2026-01-03T22:25:46+00:00,15943.58,USD,Gilbert PLC,internal_transfer
SYN-0000620,2026-01-24T10:58:25+00:00,12196.87,USD,Sanchez Ltd,fee
SYN-0000621,2026-01-27T18:42:40+00:00,not-a-number,USD,"Perez, Hall and Garcia",wire
SYN-0000622,2026-01-26T16:48:58+00:00,28789.00,USD,,
SYN-0000623,2026-01-21T21:39:14+00:00,900.44,US,Love-Garcia,
SYN-0000624,2026-01-12T16:44:56+00:00,15494.9,USD,Smith PLC,
SYN-0000625,2026-01-18T04:57:13+00:00,19873.61,USD,Russell Group,
SYN-0000626,2026-01-20T17:03:22+00:00,14125.49,USD,Santos-Avila,wire
SYN-0000627,2026-01-11T23:08:33+00:00,17101.36,USD,Morris-Brewer,
SYN-0000628,2026-01-02T12:54:54+00:00,10132.55,USD,Pearson and Sons,
SYN-0000629,2026-01-24T02:35:10+00:00,15919.07,USD,"Rodgers, Jefferson and Johnson",
SYN-0000630,2026-01-05T00:20:10+00:00,21133.4,USD,Butler and Sons,wire
SYN-0000631,2026-01-17T01:57:29+00:00,24433.25,USD,Osborn Group,internal_transfer
SYN-0000632,2026-01-26T15:21:00+00:00,5744.93,USD,Lopez-Curry,
SYN-0000633,2026-01-28T12:21:05+00:00,6778.11,USD,Mcdowell-Smith,wire
SYN-0000634,2026-01-14T14:39:29+00:00,14088.18,USD,"Morrison, Hebert and Rogers",internal_transfer
SYN-0000635,2026-01-16T06:24:04+00:00,2937.25,12A,Hays-Daniels,
SYN-0000636,2026-01-04T17:38:19+00:00,4062.09,USD,Small-Anderson,
SYN-0000637,2026-01-19T21:24:01+00:00,22413.25,USD,"Mcdonald, Lee and Rodriguez",fee
SYN-0000638,2026-01-07T19:03:15+00:00,24711.96,USD,Simon Ltd,refund
SYN-0000639,2026-01-25T07:27:57+00:00,24358.11,USD,Higgins-Smith,fee
SYN-0000640,2026-01-22T05:14:41+00:00,20967.03,USD,Gibbs-Bradley,
SYN-0000641,2026-01-30T19:12:17+00:00,9918.18,USD,Thompson Ltd,internal_transfer
SYN-0000642,2026-01-02T10:30:59+00:00,6833.9,USD,Wilcox-Robertson,fee
SYN-0000643,2026-01-24T19:35:40+00:00,8895.92,USD,Morales Inc,
SYN-0000644,2026-01-21T23:08:21+00:00,16992.69,USD,Holden Group,
SYN-0000645,2026-01-05T03:50:27+00:00,15465.78,USD,Boyle-Smith,refund
SYN-0000646,2026-01-04T13:38:29+00:00,6700.03,USD,Young-Molina,
SYN-0000647,2026-01-08T11:44:44+00:00,9741.16,USD,Turner-Sharp,fee
SYN-0000648,2026-01-05T10:37:44+00:00,23574.06,USD,Green LLC,
SYN-0000649,2026-01-14T02:18:02+00:00,3313.54,USD,"Young, Contreras and Marshall",
SYN-0000650,2026-01-22T18:56:26+00:00,13868.95,USD,Sullivan PLC,internal_transfer
SYN-0000651,2026-01-02T06:35:50+00:00,8848.5,USD,"Carrillo, Vaughn and Fowler",
SYN-0000652,2026-01-30T00:46:17+00:00,8111.43,USD,Richardson-Walker,refund
SYN-0000653,2026-01-15T04:01:36+00:00,9695.6,USD,Mendoza Group,wire
SYN-0000654,2026-01-28T03:54:26+00:00,14299.44,USD,"Zhang, Brooks and Miles",
SYN-0000655,2026-01-19T11:35:05+00:00,3471.86,USD,Todd-Pham,
SYN-0000656,2026-01-24T22:31:51+00:00,1582.62,USD,Gill Ltd,
SYN-0000657,2026-01-21T10:37:11+00:00,12106.3,USD,"Marks, Miller and Griffin",
SYN-0000658,2026-01-13T05:15:05+00:00,18022.77,USD,"Cox, Stark and Rodriguez",
SYN-0000659,2026-01-30T22:28:16+00:00,11447.08,USD,"Leach, Harris and Herrera",
SYN-0000660,2026-01-01T07:53:04+00:00,8306.1,USD,Murphy PLC,wire
SYN-0000661,2026-01-16T23:56:38+00:00,8369.07,USD,Wilson-Harris,wire
SYN-0000662,2026-01-29T20:31:04+00:00,7511.58,USD,"Burns, Nolan and Griffin",
SYN-0000663,2026-01-10T18:00:32+00:00,7855.27,USD,Chavez PLC,wire
SYN-0000664,2026-01-16T11:49:20+00:00,18372.12,USD,Bryant-Brown,
SYN-0000665,2026-01-28T22:56:52+00:00,6061.36,USD,Chambers-Parker,refund
SYN-0000666,2026-01-20T01:48:09+00:00,2848.08,USD,Foster Inc,
SYN-0000667,2026-01-29T17:59:40+00:00,4499.0,USD,"Robinson, Jones and Henderson",internal_transfer
SYN-0000668,2026-01-02T07:21:34+00:00,11541.09,USD,"Brown, Mcknight and Michael",fee
SYN-0000669,2026-01-22T06:50:13+00:00,7283.99,USD,Andersen Group,refund
SYN-0000670,2026-01-20T20:41:04+00:00,12483.08,USD,Mitchell and Sons,fee
SYN-0000671,2026-01-12T17:58:30+00:00,16466.92,USD,Cannon Ltd,
SYN-0000672,2026-01-19T07:13:34+00:00,11227.22,USD,"Stuart, Brooks and Vance",
SYN-0000673,2026-01-29T06:21:48+00:00,13359.65,USD,Kane-Knox,wire
SYN-0000674,2026-01-21T07:21:20+00:00,920.09,USD,Miller-Brandt,internal_transfer
SYN-0000675,2026-01-27T01:32:26+00:00,15954.87,USD,"Anderson, Dalton and Wilson",internal_transfer
SYN-0000676,2026-01-13T01:12:36+00:00,16617.68,USD,"Long, Anderson and Irwin",fee
SYN-0000677,2026-01-30T17:49:17+00:00,14080.94,USD,Avila LLC,
SYN-0000678,2026-01-20T09:35:18+00:00,8290.59,USD,Nunez-Stephens,refund
SYN-0000679,2026-01-06T03:26:03+00:00,2466.07,USD,"Gray, Hall and Murray",
SYN-0000680,2026-01-26T04:26:35+00:00,14513.38,USD,Hill Ltd,internal_transfer
SYN-0000681,2026-01-22T15:22:10+00:00,9778.96,USD,Johnson Ltd,
SYN-0000682,2026-01-29T13:45:25+00:00,12512.14,USD,Mendez-Mayer,fee
SYN-0000683,2026-01-02T04:37:03+00:00,2614.63,USD,Allen Inc,wire
SYN-0000684,2026-01-05T04:01:41+00:00,20783.11,USD,Wheeler Group,
SYN-0000685,2026-01-17T21:49:56+00:00,8577.32,USD,"Powers, Brennan and Sanchez",
SYN-0000686,2026-01-26T07:08:34+00:00,8708.16,USD,Morales and Sons,wire
SYN-0000687,2026-01-22T23:08:21+00:00,1680.29,USD,"Robinson, Shields and Brown",
SYN-0000688,2026-01-06T14:05:02+00:00,21229.65,USD,"Holder, Young and Hendricks",
SYN-0000689,2026-01-08T23:29:11+00:00,6098.58,USD,"Flores, Harper and Chambers",fee
SYN-0000690,2026-01-08T18:34:17+00:00,13996.66,USD,Young-Walter,
SYN-0000691,2026-01-12T06:07:52+00:00,10126.78,USD,"Boyd, Gutierrez and Hill",refund
SYN-0000692,2026-01-21T23:28:23+00:00,730.78,USD,"Fry, Hobbs and Buck",wire
SYN-0000693,2026-01-10T13:53:58+00:00,14805.49,USD,"Shelton, Peters and Williams",wire
SYN-0000694,2026-01-11T10:15:20+00:00,6959.34,USD,David-Powers,
SYN-0000695,2026-01-04T00:53:31+00:00,2544.7,USD,"Flores, Butler and Hernandez",internal_transfer
SYN-0000696,2026-01-10T01:49:26+00:00,8150.3,USD,White-Medina,
SYN-0000697,2026-01-13T17:39:49+00:00,21566.05,USD,Atkinson LLC,fee
SYN-0000698,2026-01-16T05:08:32+00:00,9716.59,USD,"Thomas, Ford and Brown",internal_transfer
SYN-0000699,2026-01-06T13:05:24+00:00,8800.27,USD,Faulkner-Grant,
SYN-0000700,2026-01-09T09:00:32+00:00,16840.05,USD,Price LLC,refund
SYN-0000701,2026-01-30T19:55:34+00:00,2119.71,USD,Rivera Inc,internal_transfer
SYN-0000702,2026-01-06T17:19:07+00:00,7635.19,USD,Boone-Davis,
SYN-0000703,2026-01-07T20:41:40+00:00,9712.19,USD,"Calderon, Williams and Bennett",internal_transfer
SYN-0000704,2026-01-28T21:41:51+00:00,10576.55,USD,"Morrison, Russo and Lopez",wire
SYN-0000705,2026-01-27T02:05:32+00:00,22979.11,USD,"Ramsey, Hansen and Mendoza",fee
SYN-0000706,2026-01-09T09:49:59+00:00,4172.47,USD,Turner-Stout,internal_transfer
SYN-0000707,2026-01-10T01:59:08+00:00,21049.79,USD,Giles Ltd,
SYN-0000708,2026-01-18T10:18:39+00:00,12115.74,USD,Burgess Group,
SYN-0000709,2026-01-19T15:19:38+00:00,12636.45,USD,Dominguez Ltd,internal_transfer
SYN-0000710,2026-01-24T20:54:07+00:00,17753.85,USD,Sanders and Sons,wire
SYN-0000711,2026-01-09T02:51:51+00:00,14135.38,USD,"Morris, Campbell and Owens",
SYN-0000712,2026-01-11T16:56:07+00:00,818.34,USD,"Howard, Green and Hunt",
SYN-0000713,2026-01-15T00:19:31+00:00,19518.72,USD,Owens-Lang,
SYN-0000714,2026-01-25T01:04:54+00:00,12770.64,USD,"Harrison, Franco and Rocha",internal_transfer
SYN-0000715,2026-01-14T00:06:47+00:00,13578.11,USD,Edwards-Williams,refund
SYN-0000716,2026-01-27T07:31:34+00:00,18919.9,USD,Figueroa Inc,refund
SYN-0000717,2026-01-22T10:13:45+00:00,5464.33,USD,Tran-Silva,internal_transfer
SYN-0000718,2026-01-13T00:23:42+00:00,21870.37,USD,"Butler, Hernandez and Rivera",
SYN-0000719,2026-01-13T18:12:06+00:00,439.48,US,Hudson-Sanchez,
SYN-0000720,2026-01-12T12:03:43+00:00,20267.76,USD,"Pena, Cohen and Scott",
SYN-0000721,2026-01-18T00:30:52+00:00,17769.14,USD,Levy-May,refund
SYN-0000722,2026-01-09T01:22:57+00:00,3481.73,USD,Murray-Oconnor,internal_transfer
SYN-0000723,2026-01-11T01:06:20+00:00,1484.89,USD,Jackson-Cortez,refund
SYN-0000724,2026-01-14T15:29:16+00:00,13469.67,USD,White-Preston,internal_transfer
SYN-0000725,2026-01-15T04:56:38+00:00,14318.82,USD,"Bernard, Warren and Combs",
SYN-0000726,2026-01-25T23:20:12+00:00,20379.71,USD,Landry Ltd,fee
SYN-0000727,2026-01-20T23:32:39+00:00,24812.16,USD,Duran Group,
SYN-0000728,2026-01-07T03:50:07+00:00,21652.1,USD,Kirby and Sons,fee
SYN-0000729,2026-01-16T15:16:11+00:00,6189.62,USD,Mann Inc,refund
SYN-0000730,2026-01-20T01:31:46+00:00,3555.15,USD,Wagner LLC,wire
SYN-0000731,2026-01-21T02:36:25+00:00,11300.34,USD,Williamson Ltd,wire
SYN-0000732,2026-01-05T12:27:47+00:00,12890.82,USD,"Durham, Hopkins and Smith",wire
SYN-0000733,2026-01-18T21:59:56+00:00,23756.4,USD,"Arnold, Smith and Moreno",wire
SYN-0000734,2026-01-01T02:52:52+00:00,19353.61,USD,Nichols-Mitchell,refund
SYN-0000735,2026-01-23T06:07:55+00:00,16603.93,USD,"Li, Craig and Drake",fee
SYN-0000736,2026-01-04T01:47:08+00:00,13361.08,USD,Rodriguez Inc,refund
SYN-0000737,2026-01-21T20:34:13+00:00,5297.07,USD,"Hernandez, Lee and Fox",refund
SYN-0000738,2026-01-14T18:24:35+00:00,13683.22,USD,Adams-Sanders,
SYN-0000739,2026-01-24T13:27:34+00:00,8594.15,USD,Chung-Stevens,refund
SYN-0000740,2026-01-03T08:24:03+00:00,2490.27,USD,Branch and Sons,
SYN-0000741,2026-01-23T07:27:05+00:00,3106.81,USD,Sutton-Abbott,
SYN-0000742,2026-01-22T10:08:07+00:00,17.9,USD,"Frey, Santos and Johnson",wire
SYN-0000743,2026-01-10T19:43:04+00:00,22735.27,USD,Gray-Tran,fee
SYN-0000744,2026-01-15T15:41:55+00:00,21860.71,USD,Walsh Ltd,
SYN-0000745,2026-01-05T12:44:56+00:00,9011.52,USD,Miller Group,fee
SYN-0000746,2026-01-09T00:51:02+00:00,9909.14,USD,"Mueller, Knight and Hodge",
SYN-0000747,2026-01-12T08:47:50+00:00,16387.48,USD,Jacobson Inc,wire
SYN-0000748,2026-01-01T01:15:56+00:00,11920.69,USD,Lewis Ltd,
SYN-0000749,2026-01-11T23:31:53+00:00,16999.89,USD,"Alvarez, Williams and Jones",internal_transfer
SYN-0000750,2026-01-17T16:17:34+00:00,not-a-number,USD,Lam-Elliott,refund
SYN-0000751,2026-01-21T12:01:53+00:00,3305.25,USD,White LLC,fee
SYN-0000752,2026-01-19T14:18:31+00:00,18269.35,USD,Ali PLC,
SYN-0000753,2026-01-16T05:04:51+00:00,22024.84,USD,Goodwin Ltd,
SYN-0000754,2026-01-07T11:07:35+00:00,24823.51,USD,Hickman-Evans,fee
SYN-0000755,2026-01-26T18:05:12+00:00,212.86,USD,"Allen, Davenport and Price",internal_transfer
SYN-0000756,2026-01-22T08:45:10+00:00,18061.08,USD,"Rivera, Campos and Taylor",
SYN-0000757,2026-01-08T08:21:49+00:00,15402.28,USD,"Ramsey, Mason and Mccann",wire
SYN-0000758,2026-01-11T13:06:30+00:00,22414.93,USD,Davis and Sons,
SYN-0000759,2026-01-06T23:29:18+00:00,18250.5,USD,Peterson PLC,internal_transfer
SYN-0000760,2026-01-21T20:16:26+00:00,19777.13,USD,"Sanders, Ayala and Johnson",
SYN-0000761,2026-01-05T02:09:24+00:00,13835.36,USD,Bowers-Hayes,
SYN-0000762,2026-01-30T11:53:50+00:00,19474.46,USD,Kelly Group,
SYN-0000763,2026-01-15T15:26:49+00:00,12944.21,USD,Lopez-Willis,
SYN-0000764,2026-01-20T00:25:22+00:00,16154.6,USD,Miller-Montgomery,
SYN-0000765,2026-01-12T14:51:09+00:00,9647.75,USD,Marquez Inc,wire
SYN-0000766,2026-01-29T19:58:42+00:00,13207.63,USD,Moore-Dawson,
SYN-0000767,2026-01-18T12:42:35+00:00,3300.44,USD,"Moore, Price and Ward",
SYN-0000768,2026-01-28T14:12:40+00:00,9135.95,USD,Smith LLC,wire
SYN-0000769,2026-01-23T20:46:18+00:00,1825.72,USD,Ward-Nelson,refund
SYN-0000770,2026-01-01T16:04:13+00:00,5394.36,USD,Miller Group,
SYN-0000771,2026-01-20T07:40:28+00:00,7162.91,USD,Hawkins-Hunt,internal_transfer
SYN-0000772,2026-01-21T04:00:48+00:00,17545.56,USD,Johnson LLC,wire
SYN-0000773,2026-01-27T01:08:35+00:00,15401.56,USD,"Davis, George and Nguyen",internal_transfer
SYN-0000774,2026-01-16T01:04:03+00:00,12783.11,USD,Smith-Gutierrez,
SYN-0000775,2026-01-08T13:01:38+00:00,8169.43,USD,Hardy PLC,internal_transfer
SYN-0000776,2026-01-04T05:01:46+00:00,17467.2,USD,Armstrong and Sons,
SYN-0000777,2026-01-12T14:01:57+00:00,6112.75,USD,"James, Taylor and Turner",
SYN-0000778,2026-01-06T15:08:02+00:00,15307.81,USD,Thomas-Jackson,wire
SYN-0000779,2026-01-09T12:38:32+00:00,317.61,USD,Fisher-Washington,
SYN-0000780,2026-01-01T13:13:27+00:00,12410.83,USD,Ward and Sons,
SYN-0000781,2026-01-26T02:36:29+00:00,20562.85,USD,"Weber, Wheeler and Gonzalez",refund
SYN-0000782,2026-01-19T01:15:33+00:00,18744.66,USD,Taylor Inc,
SYN-0000783,2026-01-06T17:32:45+00:00,22497.54,USD,Cook-Oliver,refund
SYN-0000784,2026-01-21T20:11:57+00:00,13096.83,USD,Alexander-Jordan,
SYN-0000785,2026-01-28T23:50:52+00:00,1927.67,USD,"Mccann, Taylor and Flores",fee
SYN-0000786,2026-01-18T11:34:29+00:00,12490.75,USD,"Harris, Edwards and Oconnell",
SYN-0000787,2026-01-18T20:23:14+00:00,6378.65,USD,Carter-Neal,
SYN-0000788,2026-01-28T20:39:22+00:00,18069.74,USD,Faulkner-Casey,fee
SYN-0000789,2026-01-25T16:49:26+00:00,1101.9,USD,Bennett-Velasquez,
SYN-0000790,2026-01-12T20:55:23+00:00,11794.64,USD,Diaz-Frederick,
SYN-0000791,2026-01-08T06:51:40+00:00,23279.07,USD,Vargas PLC,
SYN-0000792,2026-01-27T20:08:02+00:00,22848.78,USD,Maldonado PLC,refund
SYN-0000793,2026-01-21T08:36:02+00:00,8045.73,USD,Benton Group,
SYN-0000794,2026-01-16T12:45:05+00:00,20650.1,USD,"Clark, Salinas and Guerra",
SYN-0000795,2026-01-06T19:06:43+00:00,16833.47,USD,Fuentes Group,internal_transfer
SYN-0000796,2026-01-11T20:01:45+00:00,12894.84,USD,"Porter, Schultz and Allen",refund
SYN-0000797,2026-01-20T11:06:40+00:00,21924.9,USD,"Moore, Henderson and Bennett",
SYN-0000798,2026-01-16T01:59:20+00:00,2160.55,USD,Ewing-Mendoza,
SYN-0000799,2026-01-18T21:49:19+00:00,7290.59,USD,Ferguson-Mclean,
SYN-0000800,2026-01-12T18:37:51+00:00,9207.47,USD,"Barnes, Johnson and Schmitt",wire
SYN-0000801,2026-01-10T11:41:01+00:00,22511.18,USD,"Woodard, Herrera and Little",fee
SYN-0000802,2026-01-12T21:35:36+00:00,160.44,USD,Rodriguez and Sons,
SYN-0000803,2026-01-12T07:27:43+00:00,8661.25,USD,"Ortega, Jackson and Salazar",internal_transfer
SYN-0000804,2026-01-01T11:10:43+00:00,37.55,USD,"Terrell, Byrd and Ross",
SYN-0000805,2026-01-15T22:16:33+00:00,5130.65,USD,Sheppard-Jordan,
SYN-0000806,2026-01-21T09:07:15+00:00,24029.67,USD,Garcia and Sons,wire
SYN-0000807,2026-01-07T21:52:37+00:00,6996.35,USD,"Burgess, Grant and Watts",fee
SYN-0000808,2026-01-12T05:41:06+00:00,12994.46,USD,Griffin Group,refund
SYN-0000809,2026-01-19T01:59:04+00:00,24363.9,USD,Barton-Chapman,wire
SYN-0000810,2026-01-05T15:21:19+00:00,3338.71,USD,"Hernandez, Cuevas and Webb",internal_transfer
SYN-0000811,2026-01-04T15:11:01+00:00,14195.95,USD,Perry-Nixon,internal_transfer
SYN-0000812,2026-01-07T08:17:10+00:00,7292.61,USD,Guerra Ltd,
SYN-0000813,2026-01-20T01:49:22+00:00,20797.66,USD,Bailey LLC,fee
SYN-0000814,2026-01-22T23:30:04+00:00,5841.05,USD,Mueller-Boyd,
SYN-0000815,2026-01-07T14:34:54+00:00,19253.9,USD,Alvarez-Kim,refund
SYN-0000816,2026-01-06T03:06:00+00:00,11239.72,USD,"Chavez, Jones and Williams",
SYN-0000817,2026-01-06T20:40:06+00:00,8957.83,USD,"Wilson, Sweeney and Wong",internal_transfer
SYN-0000818,2026-01-22T22:31:17+00:00,11584.2,USD,"Marsh, Spears and Yang",
SYN-0000819,2026-01-05T09:20:52+00:00,20190.12,USD,"Thompson, Moore and Castro",
SYN-0000820,2026-01-30T06:53:54+00:00,5376.3,USD,Hall-Sullivan,
SYN-0000821,2026-01-08T04:48:35+00:00,17779.22,USD,Lopez Ltd,
SYN-0000822,2026-01-20T05:39:29+00:00,1224.72,USD,Foster-Mclaughlin,internal_transfer
SYN-0000823,2026-01-09T10:34:14+00:00,23802.46,USD,Cole Group,
SYN-0000824,2026-01-27T23:43:59+00:00,13753.47,USD,Smith-Lewis,fee
SYN-0000825,2026-01-05T22:43:50+00:00,19845.45,USD,Goodwin-Stokes,refund
SYN-0000826,2026-01-03T23:50:59+00:00,19524.22,USD,Ray PLC,refund
SYN-0000827,2026-01-10T14:50:30+00:00,10015.14,USD,Diaz and Sons,refund
SYN-0000828,2026-01-05T01:54:46+00:00,14653.38,USD,Wilson-Lambert,internal_transfer
SYN-0000829,2026-01-04T15:21:59+00:00,24929.04,USD,Rose-Fowler,
SYN-0000830,2026-01-22T12:38:05+00:00,3220.66,USD,"Price, Long and Wilson",refund
SYN-0000831,2026-01-17T02:17:01+00:00,1068.37,USD,Bruce-Williamson,
SYN-0000832,2026-01-09T03:43:17+00:00,10829.48,USD,"Mccarthy, Evans and Mendez",internal_transfer
SYN-0000833,2026-01-25T02:01:44+00:00,9568.85,USD,Powers LLC,
SYN-0000834,2026-01-18T04:22:25+00:00,22707.7,USD,Allen Inc,
SYN-0000835,2026-01-22T15:38:27+00:00,867.2,USD,Brooks and Sons,
SYN-0000836,2026-01-12T22:21:36+00:00,7378.33,USD,"Price, Carlson and Andrews",fee
SYN-0000837,2026-01-27T17:35:55+00:00,1525.42,USD,Lopez-Reid,wire
SYN-0000838,2026-01-07T15:53:29+00:00,4987.25,USD,"Ellison, Arias and Thompson",wire
SYN-0000839,2026-01-26T12:37:04+00:00,15769.23,USD,Burns and Sons,
SYN-0000840,2026-01-01T22:45:14+00:00,19548.11,USD,Edwards Group,wire
SYN-0000841,2026-01-27T10:24:33+00:00,12117.5,USD,"Brown, Howard and Smith",refund
SYN-0000842,2026-01-25T09:19:50+00:00,9710.14,USD,Lee Group,
SYN-0000843,2026-01-16T11:31:09+00:00,5476.29,USD,"Wagner, Simpson and Cohen",internal_transfer
SYN-0000844,2026-01-14T15:18:37+00:00,20216.54,USD,Mckinney-Wallace,
SYN-0000845,2026-01-18T08:26:22+00:00,14600.14,USD,Miller Inc,refund
SYN-0000846,2026-01-08T17:58:34+00:00,6197.18,USD,Carter LLC,
SYN-0000847,2026-01-26T21:47:36+00:00,19781.14,USD,Medina and Sons,refund
SYN-0000848,2026-01-11T15:37:58+00:00,21162.78,USD,Cunningham-Barton,internal_transfer
SYN-0000849,2026-01-18T05:22:38+00:00,24788.56,USD,Dunn-Wilson,refund
SYN-0000850,2026-01-12T11:36:07+00:00,7950.79,USD,Adams PLC,internal_transfer
SYN-0000851,2026-01-18T10:00:45+00:00,706.14,USD,Weaver-Sherman,internal_transfer
SYN-0000852,2026-01-28T13:21:42+00:00,3553.42,USD,"Alexander, Robinson and Coleman",internal_transfer
SYN-0000853,2026-01-24T21:29:08+00:00,7727.02,USD,"Greer, Potter and Evans",internal_transfer
SYN-0000854,2026-01-05T09:09:26+00:00,5816.35,USD,Cole LLC,
SYN-0000855,2026-01-26T13:21:25+00:00,18.09,USD,Gonzales Inc,wire
SYN-0000856,2026-01-10T18:43:22+00:00,3263.11,USD,Clark Ltd,refund
SYN-0000857,2026-01-16T17:00:29+00:00,548.8,USD,"Norris, Callahan and Bishop",
SYN-0000858,2026-01-07T21:02:14+00:00,2773.9,USD,Martin-Taylor,refund
SYN-0000859,2026-01-18T17:07:38+00:00,9340.4,USD,Li Inc,
SYN-0000860,2026-01-20T04:54:08+00:00,2526.7,USD,"Bell, Campbell and Ryan",internal_transfer
SYN-0000861,2026-01-07T14:58:39+00:00,18309.07,USD,Werner-Carter,
SYN-0000862,2026-01-24T15:37:44+00:00,7932.77,USD,"Adams, Hodge and Duke",fee
SYN-0000863,2026-01-28T06:45:03+00:00,22240.12,USD,"Ochoa, Taylor and Brady",fee
SYN-0000864,2026-01-18T07:43:54+00:00,16638.63,USD,Sellers-Riddle,
SYN-0000865,2026-01-19T08:50:57+00:00,18350.14,USD,"Martinez, Cline and Wright",
SYN-0000866,2026-01-09T15:02:42+00:00,45.95,USD,"Morris, Wright and Bridges",fee
SYN-0000867,2026-01-28T19:24:03+00:00,21269.07,USD,Burns-Ray,wire
SYN-0000868,2026-01-28T13:09:55+00:00,4552.86,USD,Burton-Brooks,
SYN-0000869,2026-01-30T16:18:38+00:00,15991.53,USD,Schultz Inc,
SYN-0000870,2026-01-25T02:05:50+00:00,8279.88,USD,Robertson-Ramirez,
SYN-0000871,2026-01-17T20:03:47+00:00,4198.02,USD,Gibson-Freeman,
SYN-0000872,2026-01-05T07:22:23+00:00,17724.44,USD,"Smith, Schroeder and Oconnor",refund
SYN-0000873,2026-01-17T07:10:35+00:00,285.88,USD,"Stanton, Reid and Terry",wire
SYN-0000874,2026-01-04T06:59:11+00:00,6417.19,USD,Flynn Group,
SYN-0000875,2026-01-01T01:29:33+00:00,9649.04,USD,Donaldson and Sons,
SYN-0000876,2026-01-09T01:47:53+00:00,12327.56,USD,Adams-Clayton,wire
SYN-0000877,2026-01-27T12:09:50+00:00,2536.61,USD,Kelley-Anderson,wire
SYN-0000878,2026-01-29T01:29:00+00:00,18956.33,USD,Kramer-Shannon,fee
SYN-0000879,2026-01-22T21:47:16+00:00,19980.06,USD,Williams Ltd,
SYN-0000880,2026-01-01T23:23:33+00:00,16864.00,USD,,
SYN-0000881,2026-01-09T06:11:12+00:00,4023.45,USD,Smith-Noble,wire
SYN-0000882,2026-01-05T12:28:29+00:00,14851.17,USD,Alexander Inc,
SYN-0000883,2026-01-24T10:25:44+00:00,775.8,USD,Harris-Barker,fee
SYN-0000884,2026-01-09T00:14:08+00:00,22243.94,USD,Khan LLC,internal_transfer
SYN-0000885,2026-01-05T21:58:26+00:00,5139.56,USD,Baxter LLC,
SYN-0000886,2026-01-27T21:35:15+00:00,23139.41,USD,Pena LLC,fee
SYN-0000887,2026-01-14T15:59:53+00:00,5939.47,USD,Watson Ltd,
SYN-0000888,2026-01-28T18:09:36+00:00,20996.52,USD,Williams Ltd,internal_transfer
SYN-0000889,2026-01-18T12:23:46+00:00,10690.72,USD,Barber-Fischer,
SYN-0000890,2026-01-30T03:18:06+00:00,4992.67,USD,Rios-Padilla,wire
SYN-0000891,2026-01-09T07:02:02+00:00,15370.00,USD,,
SYN-0000892,2026-01-06T14:34:39+00:00,19622.13,USD,Lewis Inc,
SYN-0000893,2026-01-13T20:45:09+00:00,16047.02,USD,Wheeler PLC,
SYN-0000894,2026-01-19T00:16:12+00:00,9235.67,USD,"Wallace, Smith and Cooper",wire
SYN-0000895,2026-01-13T18:45:43+00:00,11626.98,USD,Mcneil Group,wire
SYN-0000896,2026-01-14T00:53:50+00:00,1541.92,USD,"Anderson, Jones and Reyes",internal_transfer
SYN-0000897,2026-01-05T16:40:00+00:00,16703.86,USD,"Shaffer, Garcia and Richardson",
SYN-0000898,2026-01-21T02:19:45+00:00,14743.57,USD,Taylor-Ayala,refund
SYN-0000899,2026-01-19T19:00:40+00:00,13065.03,USD,May Ltd,refund
SYN-0000900,2026-01-24T01:12:37+00:00,22041.47,USD,Jones PLC,internal_transfer
SYN-0000901,2026-01-04T19:59:21+00:00,22569.53,USD,Bishop and Sons,wire
SYN-0000902,2026-01-25T08:59:26+00:00,22511.48,USD,Bell-Lewis,internal_transfer
SYN-0000903,2026-01-08T03:47:20+00:00,23731.42,USD,"Hernandez, Jenkins and Parks",
SYN-0000904,2026-01-09T02:45:39+00:00,20211.71,USD,Miller Inc,
SYN-0000905,2026-01-21T13:16:03+00:00,24707.01,USD,Goodwin PLC,
SYN-0000906,2026-01-08T04:17:26+00:00,14876.6,USD,"Cruz, Richmond and Edwards",refund
SYN-0000907,2026-01-04T06:04:28+00:00,9703.09,USD,Wright Ltd,
SYN-0000908,2026-01-16T19:57:54+00:00,6905.74,USD,Wright PLC,refund
SYN-0000909,2026-01-01T14:24:17+00:00,17510.6,USD,"Griffith, Mitchell and Pugh",refund
SYN-0000910,2026-01-21T08:51:44+00:00,10361.65,USD,Abbott Ltd,
SYN-0000911,2026-01-29T12:59:34+00:00,18959.68,USD,Harris-Lawson,internal_transfer
SYN-0000912,2026-01-06T03:04:24+00:00,19488.84,USD,Adkins LLC,internal_transfer
SYN-0000913,2026-01-27T00:03:29+00:00,21947.46,USD,"Brown, Hurst and Blevins",
SYN-0000914,2026-01-24T13:44:50+00:00,15224.44,USD,Cruz-Allen,internal_transfer
SYN-0000915,2026-01-14T08:52:50+00:00,49889.00,USD,,
SYN-0000916,2026-01-20T12:02:15+00:00,9895.42,USD,"Wheeler, Rice and Levine",
SYN-0000917,2026-01-12T12:47:59+00:00,18644.0,USD,Peck-Anderson,
SYN-0000918,2026-01-19T01:55:29+00:00,8447.31,USD,"Fisher, Payne and Thompson",
SYN-0000919,2026-01-16T02:16:55+00:00,21071.32,USD,Best-Townsend,
SYN-0000920,2026-01-05T18:25:53+00:00,5699.71,USD,Matthews Inc,refund
SYN-0000921,2026-01-22T12:15:40+00:00,20645.76,USD,Lewis-Livingston,refund
SYN-0000922,2026-01-21T05:34:31+00:00,16139.22,USD,Hunter-Fuller,internal_transfer
SYN-0000923,2026-01-11T06:17:16+00:00,10179.85,USD,"Wang, Henderson and Morales",refund
SYN-0000924,2026-01-26T01:46:03+00:00,9348.38,USD,"Herrera, Jensen and Ramirez",refund
SYN-0000925,2026-01-08T17:12:58+00:00,7778.77,USD,Miller-Mccall,
SYN-0000926,2026-01-07T14:02:36+00:00,21282.53,USD,Herrera Group,refund
SYN-0000927,2026-01-02T09:43:37+00:00,4819.89,USD,"Walters, Davenport and Becker",
SYN-0000928,2026-01-03T19:08:27+00:00,827.74,USD,Collins Group,
SYN-0000929,2026-01-18T11:52:02+00:00,4978.55,USD,"Ashley, Allen and Sanchez",fee
SYN-0000930,2026-01-23T12:51:13+00:00,9924.16,USD,Wilson-Salazar,internal_transfer
SYN-0000931,2026-01-02T11:36:31+00:00,9312.3,USD,Parker Ltd,
SYN-0000932,2026-01-09T14:53:59+00:00,11865.08,USD,"Yang, Wilson and Zimmerman",refund
SYN-0000933,2026-01-17T17:04:44+00:00,20941.51,USD,"Smith, Crawford and Reed",
SYN-0000934,2026-01-05T09:18:51+00:00,687.23,USD,"Logan, Le and Jackson",
SYN-0000935,2026-01-28T18:43:44+00:00,24122.98,USD,Brady LLC,refund
SYN-0000936,2026-01-11T22:16:28+00:00,5169.07,USD,"Tanner, Wise and Johnson",fee
SYN-0000937,2026-01-25T22:00:57+00:00,21615.88,USD,Nelson-Brown,
SYN-0000938,2026-01-01T10:22:00+00:00,22787.97,USD,"Proctor, Burton and Crawford",wire
SYN-0000939,2026-01-30T04:22:52+00:00,212.58,USD,"Ward, Porter and Bradley",refund
SYN-0000940,2026-01-15T19:53:10+00:00,24175.64,USD,Moore-Ayala,fee
SYN-0000941,2026-01-21T13:46:14+00:00,21289.8,USD,"Craig, Wilson and Yang",wire
SYN-0000942,2026-01-11T14:13:55+00:00,7554.33,USD,Williams Inc,wire
SYN-0000943,2026-01-20T06:42:58+00:00,2558.7,USD,Williams LLC,internal_transfer
SYN-0000944,2026-01-19T04:00:33+00:00,16183.91,USD,Mora-White,internal_transfer
SYN-0000945,2026-01-15T11:44:58+00:00,2703.51,USD,Tran Ltd,fee
SYN-0000946,2026-01-14T10:07:34+00:00,8129.1,USD,"Rios, Walker and Wright",fee
SYN-0000947,2026-01-15T12:07:00+00:00,3749.08,USD,"Flores, Mckenzie and Duncan",
SYN-0000948,2026-01-03T18:08:50+00:00,21433.03,USD,Shaw Inc,refund
SYN-0000949,2026-01-20T14:48:31+00:00,7990.32,USD,Walker PLC,fee
SYN-0000950,2026-01-02T05:39:27+00:00,12434.82,USD,Finley Inc,fee
SYN-0000951,2026-01-21T07:39:51+00:00,9707.48,USD,Cline-Ayala,wire
SYN-0000952,2026-01-28T18:28:39+00:00,57616.00,USD,,
SYN-0000953,2026-01-26T22:53:42+00:00,19622.64,USD,Murphy-Tran,fee
SYN-0000954,2026-01-18T09:40:45+00:00,7505.57,USD,Wood LLC,internal_transfer
SYN-0000955,2026-01-28T02:24:22+00:00,7345.31,USD,"Mueller, Stevenson and Sanchez",
SYN-0000956,2026-01-13T13:21:04+00:00,20208.79,USD,Vargas-Snyder,fee
SYN-0000957,2026-01-09T21:17:24+00:00,22489.88,USD,Oconnor PLC,fee
SYN-0000958,2026-01-11T18:56:38+00:00,5583.97,USD,Hernandez Group,
SYN-0000959,2026-01-21T09:53:09+00:00,22171.2,USD,Hall LLC,refund
SYN-0000960,2026-01-29T10:14:21+00:00,11594.55,USD,"Franco, Wiley and Tapia",
SYN-0000961,2026-01-03T14:32:17+00:00,15860.28,USD,Blake Group,refund
SYN-0000962,2026-01-04T10:58:20+00:00,22235.76,USD,"Acosta, Garcia and Moreno",wire
SYN-0000963,2026-01-19T12:40:36+00:00,7459.6,USD,Barnes Inc,internal_transfer
SYN-0000964,2026-01-08T07:40:10+00:00,24808.7,USD,Dawson Inc,
SYN-0000965,2026-01-28T15:24:11+00:00,3581.46,USD,Morse PLC,wire
SYN-0000966,2026-01-09T18:07:51+00:00,2021.21,USD,Haynes-Watson,refund
SYN-0000967,2026-01-09T14:00:54+00:00,15862.84,USD,"Miller, Davis and Anderson",
SYN-0000968,2026-01-14T06:40:59+00:00,not-a-number,USD,Jones-Bradley,
SYN-0000969,2026-01-09T04:26:23+00:00,19112.33,USD,Bates-Anderson,internal_transfer
SYN-0000970,2026-01-05T06:34:32+00:00,15362.38,USD,Green-Edwards,
SYN-0000971,2026-01-20T13:59:14+00:00,24133.23,USD,Haynes-Moss,wire
SYN-0000972,2026-01-02T19:57:11+00:00,4986.16,USD,Chavez-Hall,internal_transfer
SYN-0000973,2026-01-01T16:24:03+00:00,18921.44,USD,Taylor PLC,
SYN-0000974,2026-01-01T20:52:25+00:00,104.09,USD,Moore and Sons,fee
SYN-0000975,2026-01-11T23:37:07+00:00,21924.75,USD,Owens-Russell,fee
SYN-0000976,2026-01-05T23:39:49+00:00,12583.91,USD,"Howard, Townsend and Hayes",wire
SYN-0000977,2026-01-04T04:03:53+00:00,1143.91,USD,Baker-Wilson,refund
SYN-0000978,2026-01-23T03:11:33+00:00,13007.69,USD,Aguirre LLC,fee
SYN-0000979,2026-01-22T01:15:23+00:00,24886.81,USD,"Terry, Williams and Huff",fee
SYN-0000980,2026-01-24T19:05:58+00:00,18753.14,USD,Hernandez-Dawson,
SYN-0000981,2026-01-20T13:59:07+00:00,5711.23,USD,Foster-Williams,
SYN-0000982,2026-01-07T08:51:56+00:00,18352.18,USD,Green-Ewing,
SYN-0000983,2026-01-09T04:52:53+00:00,9165.42,USD,Crane Group,
SYN-0000984,2026-01-02T19:31:53+00:00,21913.73,USD,"Adkins, Wright and Murray",wire
SYN-0000985,2026-01-26T23:00:34+00:00,1215.63,USD,Martinez Inc,internal_transfer
SYN-0000986,2026-01-06T05:57:40+00:00,20903.16,USD,Anderson Group,fee
SYN-0000987,2026-01-06T14:54:17+00:00,11108.41,USD,Parks-Pace,wire
SYN-0000988,2026-01-13T06:27:41+00:00,17547.0,USD,Aguilar LLC,wire
SYN-0000989,2026-01-01T10:50:26+00:00,10522.37,USD,Johnson Inc,
SYN-0000990,2026-01-26T06:12:15+00:00,15570.32,USD,Orr Group,
SYN-0000991,2026-01-21T07:58:02+00:00,22465.65,USD,Davis LLC,refund
SYN-0000992,2026-01-30T23:40:13+00:00,7068.39,USD,Williams Group,
SYN-0000993,2026-01-25T03:54:28+00:00,15225.44,USD,Jackson PLC,
SYN-0000994,2026-01-26T09:30:33+00:00,8948.69,USD,Underwood-Foster,
SYN-0000995,2026-01-08T18:50:55+00:00,13703.92,USD,Reyes Group,
SYN-0000996,2026-01-24T08:00:50+00:00,5863.4,USD,Gomez and Sons,
SYN-0000997,2026-01-05T07:41:44+00:00,3346.76,US,Ramirez-Stephenson,
SYN-0000998,2026-01-25T20:10:47+00:00,18089.37,USD,Mendez PLC,
SYN-0000999,2026-01-13T10:08:09+00:00,5779.78,USD,Holland Group,fee
SYN-0001000,2026-01-15T08:53:27+00:00,11607.47,USD,Andrade-Mendoza,
SYN-0001001,2026-01-09T11:32:32+00:00,987.07,USD,Ramirez and Sons,refund
SYN-0001002,2026-01-16T04:19:48+00:00,18463.77,USD,Gonzalez-Wilkerson,wire
SYN-0001003,2026-01-03T05:27:52+00:00,21300.12,USD,"Wright, Mcknight and Stephens",
SYN-0001004,2026-01-09T06:39:40+00:00,8938.83,USD,Mayo Ltd,
SYN-0001005,2026-01-14T00:36:11+00:00,2324.69,USD,Castillo-Harrington,fee
SYN-0001006,2026-01-09T21:03:29+00:00,10020.04,USD,Durham-Shaw,
SYN-0001007,2026-01-14T04:42:30+00:00,9643.5,USD,Nelson-Johnson,refund
SYN-0001008,2026-01-21T11:21:45+00:00,22153.21,USD,"Robinson, Huang and Osborne",fee
SYN-0001009,2026-01-07T10:23:13+00:00,18160.55,USD,Stokes Group,fee
SYN-0001010,2026-01-08T17:42:32+00:00,10401.28,USD,"Howard, Silva and Hall",
SYN-0001011,2026-01-28T14:52:01+00:00,10954.63,USD,Garcia Ltd,fee
SYN-0001012,2026-01-18T09:47:52+00:00,721.38,USD,Adams Ltd,internal_transfer
SYN-0001013,2026-01-07T08:13:28+00:00,23010.03,USD,Gallagher and Sons,wire
SYN-0001014,2026-01-20T23:10:51+00:00,1150.26,USD,"Bradford, Salinas and Kelly",wire
SYN-0001015,2026-01-16T06:06:49+00:00,17614.5,USD,Thompson PLC,
SYN-0001016,2026-01-28T23:50:41+00:00,14125.74,USD,Drake-Wolfe,fee
SYN-0001017,2026-01-17T10:08:55+00:00,13078.06,USD,"Johnson, Haynes and Meza",internal_transfer
SYN-0001018,2026-01-05T14:57:54+00:00,16543.17,USD,"Thomas, Vaughan and Copeland",wire
SYN-0001019,2026-01-17T18:49:38+00:00,16907.71,USD,Weaver-Thompson,fee
SYN-0001020,2026-01-28T02:31:05+00:00,1365.1,USD,Davis and Sons,internal_transfer
SYN-0001021,2026-01-08T14:50:01+00:00,21221.29,USD,"Robinson, Fox and Smith",internal_transfer
SYN-0001022,2026-01-09T00:42:34+00:00,18786.0,USD,"Harris, Anderson and Love",
SYN-0001023,2026-01-17T01:31:13+00:00,1259.72,USD,Brown-Hernandez,
SYN-0001024,2026-01-19T09:08:41+00:00,20427.77,USD,"Stark, Schroeder and Mathis",wire
SYN-0001025,2026-01-22T13:31:03+00:00,14326.3,USD,Yu-Brooks,refund
SYN-0001026,2026-01-25T04:44:36+00:00,7902.22,USD,"Foster, Garcia and Turner",wire
SYN-0001027,2026-01-01T20:42:09+00:00,10086.59,USD,Daugherty Ltd,
SYN-0001028,2026-01-27T15:44:47+00:00,3959.96,12A,Conner-Yu,
SYN-0001029,2026-01-25T16:15:23+00:00,5172.07,USD,"Stewart, Mann and Hoffman",internal_transfer
SYN-0001030,2026-01-17T13:07:26+00:00,20632.95,USD,"Buchanan, Walker and Chapman",
SYN-0001031,2026-01-23T01:29:03+00:00,14004.21,USD,Gray Ltd,
SYN-0001032,2026-01-23T23:14:26+00:00,16429.52,USD,"Phillips, Thompson and Smith",fee
SYN-0001033,2026-01-06T12:50:48+00:00,18983.24,USD,"Fry, Myers and Gamble",
SYN-0001034,2026-01-17T13:42:35+00:00,20747.27,USD,"Johnson, Guzman and Mccall",
SYN-0001035,2026-01-15T04:11:07+00:00,13050.11,USD,"Walker, Cunningham and Zuniga",internal_transfer
SYN-0001036,2026-01-03T05:20:07+00:00,12311.06,USD,Rivera Inc,
SYN-0001037,2026-01-20T20:45:54+00:00,6357.98,USD,Reed LLC,
SYN-0001038,2026-01-06T20:40:44+00:00,9823.02,USD,Fields Inc,refund
SYN-0001039,2026-01-10T06:02:25+00:00,8449.0,USD,"Santiago, Daniel and Rogers",fee
SYN-0001040,2026-01-03T06:10:36+00:00,20936.82,USD,Baker and Sons,fee
SYN-0001041,2026-01-22T20:52:33+00:00,16461.76,USD,"Jones, Scott and Rodriguez",wire
SYN-0001042,2026-01-07T12:51:44+00:00,109.44,USD,Williams Group,wire
SYN-0001043,2026-01-27T20:33:19+00:00,20970.56,USD,"Barnes, Jackson and Gutierrez",wire
SYN-0001044,2026-01-25T16:15:02+00:00,23029.14,USD,Bell-Bennett,refund
SYN-0001045,2026-01-29T02:03:52+00:00,18262.64,USD,Kramer-Lane,
SYN-0001046,2026-01-19T19:21:36+00:00,15014.05,USD,"Perez, Hayes and Lloyd",fee
SYN-0001047,2026-01-25T11:19:51+00:00,10467.2,USD,Phillips LLC,wire
SYN-0001048,2026-01-13T01:13:08+00:00,9947.35,USD,Lynn-Jones,
SYN-0001049,2026-01-15T06:44:13+00:00,20120.12,USD,Barron and Sons,wire
SYN-0001050,2026-01-30T05:59:30+00:00,22161.03,USD,"Jones, Mcmahon and Spence",fee
SYN-0001051,2026-01-27T14:14:24+00:00,7848.46,USD,Wheeler-Austin,refund
SYN-0001052,2026-01-27T20:58:09+00:00,5434.35,USD,Bush-Reynolds,fee
SYN-0001053,2026-01-15T02:32:58+00:00,8632.99,USD,"Martin, Preston and Moore",fee
SYN-0001054,2026-01-09T15:10:00+00:00,13562.74,USD,Rivera and Sons,internal_transfer
SYN-0001055,2026-01-06T14:27:24+00:00,8806.59,USD,Terry-Bowen,refund
SYN-0001056,2026-01-28T16:50:30+00:00,17753.38,USD,"Fernandez, Guerrero and Evans",fee
SYN-0001057,2026-01-26T22:02:30+00:00,21937.05,USD,Williams PLC,
SYN-0001058,2026-01-01T14:52:43+00:00,2662.66,USD,"Larsen, Hernandez and Ward",internal_transfer
SYN-0001059,2026-01-03T13:49:30+00:00,1416.06,USD,Miller-Colon,fee
SYN-0001060,2026-01-08T19:30:11+00:00,17085.07,USD,"Greene, Gonzalez and Johnson",
SYN-0001061,2026-01-04T00:16:24+00:00,19609.15,USD,Little Inc,fee
SYN-0001062,2026-01-27T06:30:40+00:00,8967.7,USD,Anthony-Parker,
SYN-0001063,2026-01-30T21:49:07+00:00,16888.47,USD,Ruiz-Jacobson,refund
SYN-0001064,2026-01-11T21:20:13+00:00,16178.34,USD,Davis-Stephens,fee
SYN-0001065,2026-01-25T19:16:03+00:00,19921.04,USD,Watson Group,refund
SYN-0001066,2026-01-03T06:44:07+00:00,9689.48,USD,Lopez-Williams,wire
SYN-0001067,2026-01-16T04:16:05+00:00,1346.0,USD,Marshall-Perez,internal_transfer
SYN-0001068,2026-01-10T20:36:49+00:00,21721.38,USD,Elliott-Hernandez,internal_transfer
SYN-0001069,2026-01-22T12:12:24+00:00,5639.49,USD,"Contreras, Miller and Cooper",refund
SYN-0001070,2026-01-18T20:26:58+00:00,14710.05,USD,"Gutierrez, Avila and Perez",refund
SYN-0001071,2026-01-10T12:54:11+00:00,18123.14,USD,Randall PLC,refund
SYN-0001072,2026-01-22T18:54:26+00:00,24586.35,USD,Sheppard-Mcdaniel,
SYN-0001073,2026-01-09T10:29:09+00:00,12846.66,USD,Armstrong-Young,fee
SYN-0001074,2026-01-21T19:14:52+00:00,13915.41,USD,Miller-Orr,
SYN-0001075,2026-01-29T08:23:35+00:00,6376.15,USD,"Johnson, Duncan and Black",refund
SYN-0001076,2026-01-08T12:21:42+00:00,3843.43,USD,"Byrd, Oliver and Martinez",
SYN-0001077,2026-01-03T11:15:03+00:00,23309.61,USD,Thompson-Joyce,refund
SYN-0001078,2026-01-15T14:52:14+00:00,19747.91,USD,Stokes and Sons,wire
SYN-0001079,2026-01-04T12:54:44+00:00,17692.33,USD,Henderson Ltd,refund
SYN-0001080,2026-01-09T22:13:22+00:00,1705.34,USD,Harris-Carson,internal_transfer
SYN-0001081,2026-01-21T04:35:42+00:00,13426.36,USD,Flowers LLC,internal_transfer
SYN-0001082,2026-01-11T17:42:51+00:00,16583.7,USD,Bartlett-Sloan,
SYN-0001083,2026-01-15T06:02:20+00:00,23757.76,USD,Miller PLC,
SYN-0001084,2026-01-24T01:14:55+00:00,20592.39,USD,Arnold-Gates,internal_transfer
SYN-0001085,2026-01-01T10:15:25+00:00,16723.79,USD,"Ellis, Marks and Buchanan",
SYN-0001086,2026-01-30T19:00:48+00:00,6096.44,USD,"Matthews, Harrington and Rodriguez",internal_transfer
SYN-0001087,2026-01-16T13:55:07+00:00,4725.21,usd,Hernandez PLC,
SYN-0001088,2026-01-14T17:31:10+00:00,22783.49,USD,"Chang, Ayers and Buckley",
SYN-0001089,2026-01-19T04:51:28+00:00,20070.62,USD,"Chan, Floyd and Dillon",internal_transfer
SYN-0001090,2026-01-03T03:05:27+00:00,22457.14,USD,Humphrey-Baker,
SYN-0001091,2026-01-25T22:43:50+00:00,23705.35,USD,"Washington, Lynch and Johnson",
SYN-0001092,2026-01-27T02:47:09+00:00,184.26,USD,Powell-Montgomery,internal_transfer
SYN-0001093,2026-01-11T08:22:01+00:00,17135.44,USD,"Steele, Williams and Preston",refund
SYN-0001094,2026-01-10T23:31:03+00:00,20718.89,USD,Vaughn-Williams,internal_transfer
SYN-0001095,2026-01-22T03:05:19+00:00,20419.04,USD,Mccall-Prince,fee
SYN-0001096,2026-01-08T11:08:13+00:00,11481.17,USD,Morgan LLC,
SYN-0001097,2026-01-05T05:58:09+00:00,1357.65,USD,Ramirez-Vasquez,
SYN-0001098,2026-01-28T02:12:54+00:00,14374.48,USD,"Cohen, Compton and Perez",
SYN-0001099,2026-01-13T13:20:48+00:00,9701.43,USD,Mccann-Ramos,wire
SYN-0001100,2026-01-22T00:30:38+00:00,423.26,USD,Adams-Butler,
SYN-0001101,2026-01-26T23:07:37+00:00,16035.93,USD,"Davis, Alexander and Mcintyre",
SYN-0001102,2026-01-29T10:16:58+00:00,17522.35,USD,Figueroa-Malone,
SYN-0001103,2026-01-25T09:50:51+00:00,7246.63,USD,Nicholson-Robertson,
SYN-0001104,2026-01-30T10:42:01+00:00,7038.65,USD,Jones Ltd,
SYN-0001105,2026-01-19T12:22:44+00:00,20553.24,USD,"Powell, Deleon and Warren",wire
SYN-0001106,2026-01-08T14:07:48+00:00,58940.00,USD,,
SYN-0001107,2026-01-27T11:48:54+00:00,24003.4,USD,"Johnson, Lee and Whitaker",
SYN-0001108,2026-01-19T02:43:42+00:00,13838.55,USD,Wright Group,
SYN-0001109,2026-01-06T23:34:45+00:00,126.74,USD,Hull Ltd,
SYN-0001110,2026-01-27T01:49:38+00:00,23674.54,USD,Hill Group,internal_transfer
SYN-0001111,2026-01-17T16:36:58+00:00,10316.95,USD,"Sanders, Leblanc and Maldonado",
SYN-0001112,2026-01-25T21:10:01+00:00,4024.7,USD,Watson PLC,
SYN-0001113,2026-01-13T06:27:55+00:00,2866.45,USD,Thompson-Harrell,
SYN-0001114,2026-01-28T12:56:37+00:00,1360.65,USD,"Arnold, Cooper and Monroe",refund
SYN-0001115,2026-01-27T15:27:28+00:00,16117.22,USD,Curry-Barker,wire
SYN-0001116,2026-01-04T06:28:59+00:00,2455.96,USD,Johnson-Williams,
SYN-0001117,2026-01-24T15:37:04+00:00,8929.1,USD,"Chan, Lewis and Walker",
SYN-0001118,2026-01-12T09:15:02+00:00,7129.14,USD,Byrd LLC,
SYN-0001119,2026-01-10T09:26:31+00:00,12147.04,USD,"Ortiz, Smith and Deleon",
SYN-0001120,2026-01-15T20:08:15+00:00,14604.66,USD,"Smith, Buck and Holland",fee
SYN-0001121,2026-01-18T16:39:56+00:00,7909.01,USD,"Owen, Walker and Franklin",refund
SYN-0001122,2026-01-01T05:37:46+00:00,6155.13,USD,Marquez-Fletcher,
SYN-0001123,2026-01-22T04:07:16+00:00,21002.91,USD,Coleman-Bennett,
SYN-0001124,2026-01-17T02:17:55+00:00,11571.75,USD,Stevens-Robinson,wire
SYN-0001125,2026-01-15T19:54:01+00:00,13792.24,USD,Byrd-Holloway,wire
SYN-0001126,2026-01-30T10:46:20+00:00,21044.98,USD,Silva-Smith,
SYN-0001127,2026-01-07T19:06:49+00:00,4911.6,USD,"Levy, Franco and Hoffman",internal_transfer
SYN-0001128,2026-01-04T17:05:06+00:00,1885.92,USD,"Lynch, Evans and Rodriguez",fee
SYN-0001129,2026-01-25T14:54:20+00:00,48135.00,USD,,
SYN-0001130,2026-01-29T15:26:31+00:00,22657.68,USD,Rogers LLC,
SYN-0001131,2026-01-27T09:11:15+00:00,11803.13,USD,"Nguyen, Hill and Douglas",internal_transfer
SYN-0001132,2026-01-18T18:12:34+00:00,5583.44,USD,"Evans, Hernandez and Cannon",wire
SYN-0001133,2026-01-15T03:02:18+00:00,11618.06,USD,Trujillo PLC,
SYN-0001134,2026-01-20T06:17:17+00:00,12554.68,USD,Guerrero-Becker,
SYN-0001135,2026-01-30T19:24:13+00:00,4146.92,USD,"Johnson, Jimenez and Phillips",fee
SYN-0001136,2026-01-22T15:53:04+00:00,4479.45,USD,Sullivan-Doyle,
SYN-0001137,2026-01-08T02:20:03+00:00,18300.38,USD,"Erickson, Armstrong and Lee",fee
SYN-0001138,2026-01-02T23:05:33+00:00,19037.05,USD,"Reeves, Parks and Little",
SYN-0001139,2026-01-13T19:59:54+00:00,5851.23,USD,Knox-Powers,
SYN-0001140,2026-01-26T03:22:48+00:00,9031.92,USD,"Evans, Jackson and Sandoval",refund
SYN-0001141,2026-01-23T01:41:52+00:00,998.58,USD,"White, Davis and Anderson",
SYN-0001142,2026-01-06T00:15:57+00:00,24211.07,USD,Hardy-Hansen,fee
SYN-0001143,2026-01-14T06:38:42+00:00,18548.0,USD,Arroyo LLC,refund
SYN-0001144,2026-01-28T16:17:05+00:00,9417.11,USD,"Davis, Kelly and Garner",
SYN-0001145,2026-01-29T12:41:43+00:00,22455.77,USD,Fisher-Eaton,fee
SYN-0001146,2026-01-13T05:07:09+00:00,24316.88,USD,Green-Carter,wire
SYN-0001147,2026-01-20T16:50:25+00:00,20431.1,USD,Ruiz Ltd,
SYN-0001148,2026-01-24T09:41:56+00:00,165.94,USD,"Carpenter, Oliver and Kennedy",internal_transfer
SYN-0001149,2026-01-22T08:31:08+00:00,5750.54,USD,Mason Ltd,
SYN-0001150,2026-01-14T15:10:00+00:00,3756.86,USD,Moreno-Gutierrez,
SYN-0001151,2026-01-30T05:24:16+00:00,20424.06,USD,Taylor and Sons,fee
SYN-0001152,2026-01-21T03:03:35+00:00,8256.29,USD,Ortiz-Hudson,refund
SYN-0001153,2026-01-24T05:51:34+00:00,5268.39,USD,Thomas-Huffman,wire
SYN-0001154,2026-01-20T22:43:56+00:00,6092.51,USD,Maxwell Group,
SYN-0001155,2026-01-29T18:08:06+00:00,3368.97,USD,Welch-Thompson,
SYN-0001156,2026-01-28T18:44:31+00:00,1398.74,USD,"Brown, Hayes and Clark",
SYN-0001157,2026-01-09T17:45:32+00:00,23956.0,USD,Johnston and Sons,internal_transfer
SYN-0001158,2026-01-28T08:38:49+00:00,466.48,USD,Glover-Chan,fee
SYN-0001159,2026-01-14T18:14:54+00:00,5415.62,USD,Mendez Ltd,
SYN-0001160,2026-01-23T21:14:11+00:00,12042.23,USD,Powell-Sanford,refund
SYN-0001161,2026-01-20T22:34:41+00:00,3568.66,USD,Smith-Ferguson,internal_transfer
SYN-0001162,2026-01-09T19:54:37+00:00,16491.56,USD,"Watson, Smith and Morris",internal_transfer
SYN-0001163,2026-01-17T15:14:27+00:00,14913.74,USD,"Lee, Rhodes and Sims",wire
SYN-0001164,2026-01-19T08:38:53+00:00,3306.2,USD,Perez LLC,wire
SYN-0001165,2026-01-26T09:00:10+00:00,3423.42,US,Anderson-Reyes,
SYN-0001166,2026-01-09T14:42:42+00:00,22540.3,USD,"Torres, Brown and Williams",wire
SYN-0001167,2026-01-26T19:09:38+00:00,18809.83,USD,Bryant-Meyer,internal_transfer
SYN-0001168,2026-01-07T07:50:38+00:00,13482.61,USD,"Morgan, Barron and Cowan",internal_transfer
SYN-0001169,2026-01-21T22:43:48+00:00,not-a-number,USD,Ferrell-Henry,internal_transfer
SYN-0001170,2026-01-03T02:36:33+00:00,13245.88,USD,Martin Group,fee
SYN-0001171,2026-01-24T09:42:52+00:00,19217.02,USD,Perez Ltd,refund
SYN-0001172,2026-01-28T23:13:45+00:00,10637.81,USD,Clark Inc,
SYN-0001173,2026-01-12T06:53:49+00:00,2096.36,USD,"Wagner, Martinez and Dawson",refund
SYN-0001174,2026-01-27T09:29:33+00:00,6445.87,USD,Brooks Ltd,wire
SYN-0001175,2026-01-01T08:17:18+00:00,not-a-number,USD,Wise-Dean,internal_transfer
SYN-0001176,2026-01-26T05:33:59+00:00,9376.37,USD,"Vang, Stanley and Valdez",
SYN-0001177,2026-01-16T08:03:07+00:00,9057.38,USD,Williams Inc,wire
SYN-0001178,2026-01-29T10:00:20+00:00,6533.31,USD,Wallace-Martinez,
SYN-0001179,2026-01-28T09:53:18+00:00,15297.41,USD,Wells-Hernandez,
SYN-0001180,2026-01-20T07:04:03+00:00,5093.14,USD,"Jennings, Smith and Fisher",refund
SYN-0001181,2026-01-28T01:36:27+00:00,4468.81,USD,Bates LLC,wire
SYN-0001182,2026-01-24T11:37:17+00:00,24712.72,USD,"Obrien, Taylor and Rivas",
SYN-0001183,2026-01-20T07:51:17+00:00,3452.57,USD,Hunt PLC,fee
SYN-0001184,2026-01-06T18:44:41+00:00,5745.05,USD,Campbell Inc,fee
SYN-0001185,2026-01-08T20:30:17+00:00,5362.24,USD,Gonzalez-Gonzalez,
SYN-0001186,2026-01-17T10:18:31+00:00,13764.85,USD,Decker-Dudley,refund
SYN-0001187,2026-01-03T12:38:45+00:00,9728.2,USD,Warner-Phillips,
SYN-0001188,2026-01-05T10:07:33+00:00,3634.07,USD,Kelley and Sons,refund
SYN-0001189,2026-01-22T03:15:05+00:00,1602.95,USD,"Fitzpatrick, Rivera and Smith",
SYN-0001190,2026-01-04T21:15:10+00:00,944.85,USD,"Davis, Rodriguez and Andrews",internal_transfer
SYN-0001191,2026-01-20T10:47:06+00:00,16404.72,USD,Hernandez-Davis,internal_transfer
SYN-0001192,2026-01-30T00:06:21+00:00,23642.95,USD,"Jones, Cummings and Conway",
SYN-0001193,2026-01-24T23:58:51+00:00,268.75,USD,"Hall, Hinton and Phillips",wire
SYN-0001194,2026-01-26T03:41:32+00:00,4869.47,USD,Williams-Li,
SYN-0001195,2026-01-25T18:49:52+00:00,17461.54,USD,Phelps LLC,internal_transfer
SYN-0001196,2026-01-02T18:00:51+00:00,5982.18,USD,"Edwards, Rodgers and Davis",
SYN-0001197,2026-01-08T15:26:11+00:00,not-a-number,USD,Smith and Sons,
SYN-0001198,2026-01-20T09:22:26+00:00,16741.88,USD,"Holland, Murphy and Kline",
SYN-0001199,2026-01-10T17:22:42+00:00,385.15,USD,"Adams, Quinn and Watson",internal_transfer
SYN-0001200,2026-01-05T09:03:03+00:00,7113.06,USD,White-Morales,internal_transfer
SYN-0001201,2026-01-29T07:09:55+00:00,8687.53,USD,Nelson-Cruz,
SYN-0001202,2026-01-11T23:39:12+00:00,24076.47,USD,Marsh-Banks,internal_transfer
SYN-0001203,2026-01-20T14:38:36+00:00,117.28,USD,Wilson Ltd,internal_transfer
SYN-0001204,2026-01-25T13:48:36+00:00,13966.21,USD,"Brown, Dunlap and Moore",
SYN-0001205,2026-01-17T12:05:20+00:00,20073.75,USD,Pruitt-Webb,
SYN-0001206,2026-01-27T02:42:10+00:00,19834.94,USD,"Gregory, White and James",refund
SYN-0001207,2026-01-22T11:51:46+00:00,14079.65,USD,Carr-Huffman,wire
SYN-0001208,2026-01-17T11:44:00+00:00,11471.75,USD,"Mcpherson, Anderson and Knapp",refund
SYN-0001209,2026-01-29T11:42:08+00:00,684.74,USD,Clay Group,refund
SYN-0001210,2026-01-04T06:42:23+00:00,15841.91,USD,Brown Ltd,wire
SYN-0001211,2026-01-12T03:53:16+00:00,7893.95,USD,Smith-Oneill,refund
SYN-0001212,2026-01-26T01:46:15+00:00,244.07,USD,"Saunders, Ray and Cunningham",internal_transfer
SYN-0001213,2026-01-13T01:14:27+00:00,2326.14,USD,"Marks, Stone and Watts",
SYN-0001214,2026-01-17T14:27:02+00:00,13864.23,USD,"Davis, Stanley and Wright",
SYN-0001215,2026-01-16T05:41:17+00:00,5464.93,USD,Alvarado-Davidson,
SYN-0001216,2026-01-09T20:57:33+00:00,17078.0,USD,Combs PLC,fee
SYN-0001217,2026-01-25T05:22:34+00:00,4992.46,USD,"Brown, Schneider and Moore",fee
SYN-0001218,2026-01-13T21:13:10+00:00,5730.96,USD,Christian-Booth,
SYN-0001219,2026-01-18T06:48:07+00:00,19473.68,USD,Walton LLC,
SYN-0001220,2026-01-04T19:26:40+00:00,23894.54,USD,Rivera LLC,fee
SYN-0001221,2026-01-01T07:43:01+00:00,21427.38,USD,Hunter PLC,refund
SYN-0001222,2026-01-24T09:54:39+00:00,15517.07,USD,"Gray, Montoya and Miller",
SYN-0001223,2026-01-28T21:21:48+00:00,6869.05,USD,Solis-West,refund
SYN-0001224,2026-01-25T19:30:49+00:00,9947.59,USD,West-Wilson,
SYN-0001225,2026-01-07T05:25:02+00:00,13143.86,USD,Mcgee-Smith,
SYN-0001226,2026-01-27T06:02:25+00:00,12562.38,USD,Gutierrez-Hawkins,
SYN-0001227,2026-01-09T11:39:25+00:00,24412.7,USD,Petersen PLC,wire
SYN-0001228,2026-01-23T08:01:15+00:00,17230.57,USD,"Walsh, Wu and Hart",
SYN-0001229,2026-01-11T05:32:39+00:00,1630.55,12A,"Powers, Clements and Cox",
SYN-0001230,2026-01-10T02:02:54+00:00,6571.96,USD,Velasquez Group,internal_transfer
SYN-0001231,2026-01-30T18:17:40+00:00,9148.74,USD,Castro-Harvey,
SYN-0001232,2026-01-11T05:17:17+00:00,17518.11,USD,Moran-Cox,wire
SYN-0001233,2026-01-20T10:43:27+00:00,11268.77,USD,Wilson-Malone,
SYN-0001234,2026-01-28T22:57:49+00:00,5714.94,USD,Smith LLC,fee
SYN-0001235,2026-01-14T02:30:48+00:00,5895.89,USD,"Brandt, Carter and Boyd",refund
SYN-0001236,2026-01-19T11:45:40+00:00,3646.95,USD,"Rodriguez, Prince and Vasquez",
SYN-0001237,2026-01-08T06:14:10+00:00,20141.9,USD,"Newton, Ortiz and King",wire
SYN-0001238,2026-01-25T06:04:25+00:00,24889.05,USD,Lopez Group,
SYN-0001239,2026-01-26T02:21:24+00:00,18014.29,USD,Bryant and Sons,internal_transfer
SYN-0001240,2026-01-15T13:33:54+00:00,14053.9,USD,"Morgan, Sherman and Williams",
SYN-0001241,2026-01-20T08:10:18+00:00,17263.89,USD,"Monroe, Chapman and Barton",
SYN-0001242,2026-01-13T08:16:08+00:00,20974.45,USD,Ellis-Lawrence,wire
SYN-0001243,2026-01-17T05:54:11+00:00,9024.69,USD,"Taylor, Porter and Moreno",
SYN-0001244,2026-01-13T12:15:34+00:00,496.86,USD,Tran Group,
SYN-0001245,2026-01-30T09:32:49+00:00,14421.77,USD,"Webb, Romero and Morse",
SYN-0001246,2026-01-27T03:19:33+00:00,24484.35,USD,Holt and Sons,
SYN-0001247,2026-01-16T18:45:27+00:00,12761.6,USD,"Ochoa, Garcia and Sandoval",fee
SYN-0001248,2026-01-22T16:42:40+00:00,9527.39,USD,"Andrade, Gordon and Cruz",
SYN-0001249,2026-01-08T00:45:37+00:00,4190.22,USD,"Moon, Farmer and Hill",refund
SYN-0001250,2026-01-17T09:05:09+00:00,15782.2,USD,Waller-Chavez,wire
SYN-0001251,2026-01-04T11:07:18+00:00,4050.83,USD,Taylor PLC,
SYN-0001252,2026-01-16T09:11:23+00:00,7284.62,USD,"Tanner, Hunt and Cameron",fee
SYN-0001253,2026-01-20T04:44:19+00:00,22192.41,USD,"Valencia, Joseph and Walls",
SYN-0001254,2026-01-18T15:07:03+00:00,14673.41,USD,"Robinson, Clark and Klein",fee
SYN-0001255,2026-01-21T02:19:55+00:00,4597.97,USD,"Reed, Chambers and Zavala",
SYN-0001256,2026-01-12T09:21:37+00:00,58751.00,USD,,
SYN-0001257,2026-01-04T21:16:55+00:00,4173.59,USD,"Hester, Thompson and Daniels",
SYN-0001258,2026-01-04T02:19:24+00:00,13711.3,USD,"Morris, Wilson and Bell",wire
SYN-0001259,2026-01-20T06:33:11+00:00,420.84,usd,Aguilar-Bender,
SYN-0001260,2026-01-05T02:13:47+00:00,23289.81,USD,"Butler, Adkins and Skinner",fee
SYN-0001261,2026-01-12T03:13:08+00:00,18440.09,USD,Rich-Henderson,
SYN-0001262,2026-01-07T03:16:49+00:00,13169.03,USD,Mills Inc,
SYN-0001263,2026-01-02T16:57:30+00:00,8921.67,USD,Thomas-Santiago,fee
SYN-0001264,2026-01-24T02:45:37+00:00,24374.56,USD,Adams and Sons,wire
SYN-0001265,2026-01-14T05:23:08+00:00,11121.68,USD,Vega-Thomas,internal_transfer
SYN-0001266,2026-01-27T04:18:56+00:00,14771.18,USD,Vaughn LLC,
SYN-0001267,2026-01-28T09:05:22+00:00,13086.97,USD,Molina Inc,wire
SYN-0001268,2026-01-16T00:46:53+00:00,12041.81,USD,Cervantes-Garcia,
SYN-0001269,2026-01-05T08:20:16+00:00,7697.4,USD,"Stevenson, Hancock and Newton",wire
SYN-0001270,2026-01-08T13:25:26+00:00,264.88,USD,"Price, Dixon and Robles",
SYN-0001271,2026-01-07T14:48:05+00:00,7169.77,USD,"Roberts, Beck and House",
SYN-0001272,2026-01-24T21:08:30+00:00,11927.2,USD,Butler-French,refund
SYN-0001273,2026-01-21T21:29:36+00:00,not-a-number,USD,"Edwards, Arnold and Smith",refund
SYN-0001274,2026-01-12T05:23:07+00:00,181.44,USD,Harris-Melton,refund
SYN-0001275,2026-01-20T23:42:25+00:00,10928.22,USD,Greer-Pruitt,internal_transfer
SYN-0001276,2026-01-19T22:03:37+00:00,9459.57,USD,"Mckinney, Richardson and Chapman",refund
SYN-0001277,2026-01-21T11:56:40+00:00,5989.81,USD,"Morrison, Parsons and Brandt",fee
SYN-0001278,2026-01-30T18:26:55+00:00,17348.42,USD,Cole-Lucero,refund
SYN-0001279,2026-01-26T19:45:35+00:00,6721.28,USD,Lopez and Sons,refund
SYN-0001280,2026-01-04T07:45:58+00:00,3416.46,USD,"Palmer, Bennett and Patterson",
SYN-0001281,2026-01-23T02:30:47+00:00,11319.73,USD,"Baker, Martin and Singleton",internal_transfer
SYN-0001282,2026-01-24T21:13:00+00:00,8016.77,USD,Rivera Ltd,
SYN-0001283,2026-01-26T23:17:09+00:00,4649.25,USD,Williams LLC,
SYN-0001284,2026-01-14T01:38:06+00:00,17880.18,USD,"Williams, Randolph and Gilbert",
SYN-0001285,2026-01-12T07:14:38+00:00,3767.94,USD,"Turner, Tyler and Pierce",
SYN-0001286,2026-01-17T14:21:26+00:00,7790.11,USD,Bowers LLC,wire
SYN-0001287,2026-01-19T00:42:32+00:00,17423.67,USD,"Robinson, White and Jones",wire
SYN-0001288,2026-01-04T21:28:00+00:00,734.71,usd,"Moore, Daniels and Powell",
SYN-0001289,2026-01-04T11:10:09+00:00,11754.2,USD,Walker-Lewis,internal_transfer
SYN-0001290,2026-01-13T03:21:49+00:00,9540.05,USD,Rivera-Carter,refund
SYN-0001291,2026-01-13T02:03:43+00:00,2217.59,12A,"Moreno, Barajas and Colon",
SYN-0001292,2026-01-10T16:03:40+00:00,18383.33,USD,"Smith, Caldwell and Griffin",wire
SYN-0001293,2026-01-11T02:51:30+00:00,9728.68,USD,"Austin, Oliver and Haley",wire
SYN-0001294,2026-01-16T16:23:45+00:00,15729.48,USD,"Blackwell, James and Hogan",
SYN-0001295,2026-01-27T16:18:25+00:00,3054.42,USD,Cruz PLC,internal_transfer
SYN-0001296,2026-01-15T12:08:32+00:00,9011.31,USD,"Campbell, Pruitt and Short",
SYN-0001297,2026-01-11T13:44:30+00:00,5899.91,USD,Robertson-Hicks,
SYN-0001298,2026-01-01T17:33:18+00:00,19859.97,USD,Williams-Villanueva,
SYN-0001299,2026-01-20T05:09:00+00:00,6077.99,USD,Flores Inc,refund
SYN-0001300,2026-01-29T05:00:13+00:00,17269.09,USD,Jackson PLC,refund
SYN-0001301,2026-01-08T12:34:43+00:00,19270.15,USD,"Smith, Jones and Santiago",
SYN-0001302,2026-01-25T06:26:53+00:00,17148.93,USD,Hancock Group,
SYN-0001303,2026-01-03T21:57:57+00:00,8888.59,USD,Harris Ltd,
SYN-0001304,2026-01-27T00:53:48+00:00,2685.68,USD,"Rowe, Lucas and Case",refund
SYN-0001305,2026-01-16T09:01:41+00:00,19714.26,USD,"Parks, Johnson and Love",internal_transfer
SYN-0001306,2026-01-22T07:08:40+00:00,4824.94,USD,Miller Inc,fee
SYN-0001307,2026-01-18T09:17:43+00:00,3369.17,USD,Bauer PLC,fee
SYN-0001308,2026-01-24T13:25:04+00:00,10938.06,USD,Andrews and Sons,fee
SYN-0001309,2026-01-24T18:59:54+00:00,14167.98,USD,Russell-Hayes,
SYN-0001310,2026-01-16T17:06:55+00:00,11710.4,USD,Hamilton-Smith,fee
SYN-0001311,2026-01-30T01:30:45+00:00,13863.45,USD,"Wilson, Smith and Cortez",refund
SYN-0001312,2026-01-08T12:37:03+00:00,7392.52,USD,Avila PLC,wire
SYN-0001313,2026-01-18T19:43:02+00:00,18.99,USD,Haynes Inc,wire
SYN-0001314,2026-01-19T09:37:03+00:00,4639.17,USD,Reilly-Rodriguez,fee
SYN-0001315,2026-01-18T16:10:42+00:00,1606.87,US,"Turner, Miller and Hubbard",
SYN-0001316,2026-01-27T03:55:47+00:00,9687.88,USD,James-Short,refund
SYN-0001317,2026-01-25T03:41:12+00:00,13787.14,USD,Wells PLC,refund
SYN-0001318,2026-01-16T15:51:22+00:00,16022.96,USD,Taylor Group,wire
SYN-0001319,2026-01-26T09:34:22+00:00,1667.93,USD,"Phillips, Walters and Evans",fee
SYN-0001320,2026-01-07T07:11:52+00:00,21837.45,USD,"Wong, Bernard and Smith",
SYN-0001321,2026-01-24T13:29:50+00:00,2469.74,USD,"Thomas, Williams and Armstrong",
SYN-0001322,2026-01-19T20:45:01+00:00,12248.25,USD,Medina-Arroyo,fee
SYN-0001323,2026-01-29T15:45:01+00:00,1228.09,USD,Clark-Figueroa,
SYN-0001324,2026-01-04T10:34:26+00:00,23255.35,USD,"Cooper, Gutierrez and Brewer",
SYN-0001325,2026-01-24T20:31:44+00:00,1999.84,USD,"Thomas, White and Jensen",refund
SYN-0001326,2026-01-03T22:43:15+00:00,13950.94,USD,Lee-White,
SYN-0001327,2026-01-21T04:37:14+00:00,9227.35,USD,"Phelps, York and Randolph",refund
SYN-0001328,2026-01-30T22:46:45+00:00,13225.99,USD,"Murray, Dunn and Roberts",
SYN-0001329,2026-01-15T18:04:28+00:00,23615.14,USD,King and Sons,
SYN-0001330,2026-01-05T17:09:07+00:00,18129.57,USD,"Carpenter, Lynn and Howard",
SYN-0001331,2026-01-10T04:44:14+00:00,13155.27,USD,"Rios, Garcia and Harvey",
SYN-0001332,2026-01-09T16:25:52+00:00,18730.11,USD,Stewart Group,internal_transfer
SYN-0001333,2026-01-06T02:55:58+00:00,15965.97,USD,Jensen-Torres,refund
SYN-0001334,2026-01-23T06:26:53+00:00,16631.39,USD,"Hernandez, Knight and Aguirre",fee
SYN-0001335,2026-01-09T02:20:48+00:00,4510.73,USD,Jackson-Edwards,refund
SYN-0001336,2026-01-17T09:13:51+00:00,3955.25,USD,Joseph Ltd,fee
SYN-0001337,2026-01-22T12:08:47+00:00,22562.22,USD,Hill-Ward,
SYN-0001338,2026-01-16T18:14:58+00:00,9293.62,USD,"Quinn, Humphrey and Ford",refund
SYN-0001339,2026-01-21T21:40:17+00:00,18146.97,USD,Hampton-Tucker,refund
SYN-0001340,2026-01-28T08:06:40+00:00,5348.99,USD,Thompson PLC,internal_transfer
SYN-0001341,2026-01-13T08:02:07+00:00,24041.33,USD,Wilkinson and Sons,
SYN-0001342,2026-01-20T06:38:38+00:00,18158.11,USD,"Gonzalez, Gross and Sims",
SYN-0001343,2026-01-29T22:06:50+00:00,12940.72,USD,"Jones, Smith and Hunter",
SYN-0001344,2026-01-15T15:40:15+00:00,7509.05,USD,Hess PLC,
SYN-0001345,2026-01-16T06:53:25+00:00,19288.31,USD,Hammond-Lewis,
SYN-0001346,2026-01-14T09:30:48+00:00,12782.28,USD,Arnold PLC,internal_transfer
SYN-0001347,2026-01-28T17:58:33+00:00,2358.08,USD,"Kennedy, Rowe and Diaz",
SYN-0001348,2026-01-08T13:52:40+00:00,6625.44,USD,Vance PLC,
SYN-0001349,2026-01-13T03:06:15+00:00,6406.84,USD,"Vincent, Anderson and Mason",
SYN-0001350,2026-01-28T16:39:56+00:00,14227.05,USD,Sanders PLC,wire
SYN-0001351,2026-01-04T17:56:46+00:00,8117.98,USD,Bates PLC,fee
SYN-0001352,2026-01-24T16:52:59+00:00,22475.7,USD,"Martin, Palmer and Griffin",refund
SYN-0001353,2026-01-05T15:06:25+00:00,16056.72,USD,Knight PLC,internal_transfer
SYN-0001354,2026-01-28T23:25:09+00:00,13665.00,USD,,
SYN-0001355,2026-01-17T05:35:31+00:00,21994.93,USD,"Brennan, Thomas and Dennis",
SYN-0001356,2026-01-06T20:26:23+00:00,19259.98,USD,Williams-Juarez,refund
SYN-0001357,2026-01-30T05:43:56+00:00,15847.54,USD,Brown LLC,
SYN-0001358,2026-01-03T15:03:49+00:00,13110.06,USD,Williams and Sons,
SYN-0001359,2026-01-28T10:10:16+00:00,8171.46,USD,"Velez, Ward and Harrison",
SYN-0001360,2026-01-08T10:29:16+00:00,16841.21,USD,Keith-Williams,
SYN-0001361,2026-01-22T15:10:49+00:00,14878.71,USD,"Nguyen, Padilla and Boyd",refund
SYN-0001362,2026-01-11T18:44:54+00:00,7245.29,USD,Davenport-Baker,wire
SYN-0001363,2026-01-07T10:00:41+00:00,2064.55,USD,"Hudson, Bennett and Gray",
SYN-0001364,2026-01-03T09:27:05+00:00,9980.38,USD,"Valdez, Houston and Black",internal_transfer
SYN-0001365,2026-01-25T08:39:58+00:00,19345.85,USD,Kaufman-Walker,wire
SYN-0001366,2026-01-07T13:08:08+00:00,13982.85,USD,Gomez-Parrish,wire
SYN-0001367,2026-01-28T17:38:54+00:00,14029.63,USD,Sparks-Eaton,
SYN-0001368,2026-01-26T10:47:34+00:00,6058.63,USD,Shaw and Sons,
SYN-0001369,2026-01-21T21:03:46+00:00,17118.76,USD,Martin-Jones,
SYN-0001370,2026-01-06T11:06:24+00:00,10340.14,USD,"Campbell, Hernandez and Moore",fee
SYN-0001371,2026-01-10T05:56:11+00:00,8613.78,USD,"Love, Wilson and Hall",
SYN-0001372,2026-01-15T19:08:22+00:00,24691.31,USD,Cortez-Olson,
SYN-0001373,2026-01-22T11:12:43+00:00,3646.32,USD,Mendoza-Garza,internal_transfer
SYN-0001374,2026-01-12T08:02:06+00:00,17134.3,USD,"Whitaker, Johnson and Williams",
SYN-0001375,2026-01-05T03:58:51+00:00,18489.8,USD,"Vargas, Taylor and Hunt",
SYN-0001376,2026-01-08T04:03:22+00:00,20811.29,USD,"Thomas, Jackson and Nielsen",refund
SYN-0001377,2026-01-17T15:56:24+00:00,20107.22,USD,"Mullen, Greene and Elliott",fee
SYN-0001378,2026-01-23T20:58:35+00:00,8297.59,USD,Johns Ltd,
SYN-0001379,2026-01-11T06:51:09+00:00,13661.06,USD,"Nicholson, Valentine and Robinson",
SYN-0001380,2026-01-27T15:23:54+00:00,15576.43,USD,"Haney, Dillon and Jackson",wire
SYN-0001381,2026-01-01T21:25:27+00:00,14575.54,USD,Burke-Norton,wire
SYN-0001382,2026-01-03T02:39:36+00:00,4258.82,USD,Hanson PLC,
SYN-0001383,2026-01-30T23:58:52+00:00,1328.08,USD,Jackson-Jennings,
SYN-0001384,2026-01-01T09:42:36+00:00,9716.74,USD,Carlson-Jones,
SYN-0001385,2026-01-18T11:41:08+00:00,2698.18,USD,Cruz-Rodriguez,refund
SYN-0001386,2026-01-19T18:19:55+00:00,24494.84,USD,Mills PLC,
SYN-0001387,2026-01-05T20:02:48+00:00,12117.07,USD,"Barnes, Hernandez and Davis",
SYN-0001388,2026-01-05T06:33:05+00:00,4972.68,USD,Valenzuela-Greene,
SYN-0001389,2026-01-28T05:14:53+00:00,538.19,USD,"Gordon, Wilson and Olson",fee
SYN-0001390,2026-01-26T16:48:48+00:00,8339.91,USD,Winters PLC,
SYN-0001391,2026-01-08T14:55:27+00:00,8670.15,USD,Prince Ltd,
SYN-0001392,2026-01-15T16:14:08+00:00,24899.86,USD,"Reynolds, Fisher and Golden",
SYN-0001393,2026-01-14T09:25:17+00:00,1551.18,USD,"Moreno, Perez and Lang",refund
SYN-0001394,2026-01-19T19:05:11+00:00,24759.05,USD,Bell-Ballard,refund
SYN-0001395,2026-01-14T14:26:58+00:00,3793.55,USD,"Johnston, Coleman and Scott",
SYN-0001396,2026-01-07T15:55:13+00:00,18247.51,USD,Kent Inc,
SYN-0001397,2026-01-30T17:33:14+00:00,15638.49,USD,George-Stephens,refund
SYN-0001398,2026-01-12T16:02:26+00:00,3819.58,USD,Lopez-Fletcher,internal_transfer
SYN-0001399,2026-01-30T09:18:21+00:00,11229.78,USD,Lane Inc,
SYN-0001400,2026-01-07T17:27:12+00:00,13534.3,USD,"Smith, Pena and Watts",internal_transfer
SYN-0001401,2026-01-07T16:54:33+00:00,17213.61,USD,Ortiz-Rodriguez,
SYN-0001402,2026-01-07T13:34:50+00:00,24892.15,USD,Pearson-King,wire
SYN-0001403,2026-01-08T01:06:53+00:00,23325.82,USD,"Henderson, Diaz and Hill",fee
SYN-0001404,2026-01-16T09:54:35+00:00,13933.95,USD,"Sanders, Harris and Arnold",
SYN-0001405,2026-01-06T17:55:52+00:00,7940.62,USD,"Olson, Wood and Peters",
SYN-0001406,2026-01-02T10:21:02+00:00,7967.87,USD,Hinton-Lane,refund
SYN-0001407,2026-01-20T23:08:34+00:00,11075.67,USD,"Sanders, Taylor and Shields",
SYN-0001408,2026-01-14T06:59:44+00:00,19477.92,USD,Adkins Group,
SYN-0001409,2026-01-09T23:14:42+00:00,19061.42,USD,"Avery, Garcia and Romero",
SYN-0001410,2026-01-13T22:55:02+00:00,14176.51,USD,Owen-Mendez,internal_transfer
SYN-0001411,2026-01-12T06:30:44+00:00,17184.76,USD,"Mann, Martin and Oconnell",
SYN-0001412,2026-01-24T03:16:54+00:00,12558.61,USD,Brock and Sons,
SYN-0001413,2026-01-19T03:41:39+00:00,21303.38,USD,Frost-Graham,
SYN-0001414,2026-01-07T16:12:50+00:00,4832.3,USD,Baker LLC,
SYN-0001415,2026-01-01T17:29:34+00:00,1116.66,12A,Lynch Ltd,
SYN-0001416,2026-01-10T22:19:55+00:00,4427.78,USD,Arias-Morales,
SYN-0001417,2026-01-22T07:48:15+00:00,15426.87,USD,"Meyer, Dawson and Harper",refund
SYN-0001418,2026-01-23T05:04:42+00:00,10689.46,USD,Bowman Group,
SYN-0001419,2026-01-30T12:17:23+00:00,20608.39,USD,Harris Ltd,fee
SYN-0001420,2026-01-20T03:13:07+00:00,23478.54,USD,"Mitchell, Johnson and Greene",internal_transfer
SYN-0001421,2026-01-27T00:40:15+00:00,16035.2,USD,"Hale, Gilbert and Craig",internal_transfer
SYN-0001422,2026-01-02T20:52:10+00:00,2733.8,USD,Allen-Smith,internal_transfer
SYN-0001423,2026-01-03T01:25:05+00:00,12968.05,USD,Miller LLC,
SYN-0001424,2026-01-02T21:43:53+00:00,9685.56,USD,Gomez-Foster,internal_transfer
SYN-0001425,2026-01-03T09:26:00+00:00,7280.19,USD,"Gonzalez, Smith and Padilla",
SYN-0001426,2026-01-15T18:49:52+00:00,20690.7,USD,Dunn Ltd,refund
SYN-0001427,2026-01-21T12:12:14+00:00,15328.74,USD,"Herman, Bailey and Richmond",
SYN-0001428,2026-01-26T02:18:47+00:00,11590.01,USD,Perez-Mccarty,
SYN-0001429,2026-01-05T09:22:16+00:00,12516.94,USD,Spears-Andrews,fee
SYN-0001430,2026-01-29T10:05:45+00:00,13660.63,USD,Thompson-Hunter,fee
SYN-0001431,2026-01-16T16:51:33+00:00,623.78,USD,"Jones, Phillips and Arroyo",wire
SYN-0001432,2026-01-10T19:16:04+00:00,2255.4,USD,"Frye, Walter and Li",wire
SYN-0001433,2026-01-08T23:04:00+00:00,18331.83,USD,"Wright, Ramos and Bennett",fee
SYN-0001434,2026-01-22T19:35:13+00:00,9074.22,USD,Carrillo-Todd,fee
SYN-0001435,2026-01-19T15:29:39+00:00,19776.87,USD,Maldonado-Mosley,fee
SYN-0001436,2026-01-08T18:17:47+00:00,13759.1,USD,Olson LLC,wire
SYN-0001437,2026-01-09T07:05:43+00:00,14137.72,USD,Reyes and Sons,
SYN-0001438,2026-01-08T06:52:01+00:00,21720.59,USD,"Haynes, Mcbride and Gutierrez",
SYN-0001439,2026-01-03T11:46:51+00:00,7702.25,USD,Black-Smith,wire
SYN-0001440,2026-01-22T15:55:42+00:00,15661.69,USD,Wright-Davis,
SYN-0001441,2026-01-07T09:17:28+00:00,89.32,USD,"Goodman, Peterson and Spencer",
SYN-0001442,2026-01-01T14:13:23+00:00,12441.19,USD,Woods LLC,wire
SYN-0001443,2026-01-01T06:41:59+00:00,22067.69,USD,Shannon LLC,internal_transfer
SYN-0001444,2026-01-29T14:04:27+00:00,11893.32,USD,Valentine Ltd,fee
SYN-0001445,2026-01-04T20:30:48+00:00,15002.95,USD,Porter and Sons,internal_transfer
SYN-0001446,2026-01-27T13:41:57+00:00,15494.53,USD,Moss LLC,
SYN-0001447,2026-01-11T01:54:55+00:00,4621.81,USD,Perez and Sons,
SYN-0001448,2026-01-17T22:38:15+00:00,3635.22,USD,"Kelly, Maxwell and Wilson",
SYN-0001449,2026-01-29T01:31:36+00:00,1658.9,US,Lowe Ltd,
SYN-0001450,2026-01-21T05:47:24+00:00,4034.22,USD,Austin-Duran,
SYN-0001451,2026-01-29T21:11:20+00:00,19682.9,USD,"Rubio, Charles and Watson",internal_transfer
SYN-0001452,2026-01-23T02:30:25+00:00,14474.58,USD,Vasquez-Galloway,fee
SYN-0001453,2026-01-05T12:29:59+00:00,7483.06,USD,"Melton, Henry and Joyce",refund
SYN-0001454,2026-01-19T09:29:46+00:00,1692.6,USD,"Ramirez, Walker and Ray",refund
SYN-0001455,2026-01-27T17:20:43+00:00,7321.53,USD,Fox Group,
SYN-0001456,2026-01-14T07:43:14+00:00,13176.79,USD,Ayers-Johnson,
SYN-0001457,2026-01-11T03:33:43+00:00,1455.56,USD,Long-Parks,internal_transfer
SYN-0001458,2026-01-26T16:16:02+00:00,12092.09,USD,Bryant Inc,
SYN-0001459,2026-01-14T22:35:50+00:00,15221.51,USD,"Holmes, Stewart and Smith",wire
SYN-0001460,2026-01-26T12:07:30+00:00,24875.61,USD,"Clark, Carpenter and Nguyen",internal_transfer
SYN-0001461,2026-01-07T07:07:36+00:00,14066.3,USD,"Hensley, Lopez and Baker",internal_transfer
SYN-0001462,2026-01-25T03:54:37+00:00,20199.7,USD,Ruiz-Austin,wire
SYN-0001463,2026-01-12T07:08:25+00:00,7262.91,USD,White-Coleman,fee
SYN-0001464,2026-01-06T17:43:16+00:00,11622.68,USD,Haynes-Watson,
SYN-0001465,2026-01-11T01:33:28+00:00,15383.08,USD,Ramirez-White,refund
SYN-0001466,2026-01-03T05:00:08+00:00,8741.9,USD,Krause Ltd,
SYN-0001467,2026-01-11T07:23:29+00:00,16015.82,USD,Olsen Ltd,
SYN-0001468,2026-01-13T08:25:04+00:00,1696.83,USD,Brock-Peters,refund
SYN-0001469,2026-01-27T16:47:20+00:00,19176.05,USD,Gonzalez-Marsh,
SYN-0001470,2026-01-17T04:18:09+00:00,9901.84,USD,"Hernandez, Shaffer and Thompson",
SYN-0001471,2026-01-02T09:55:27+00:00,4391.55,USD,Taylor-Barry,refund
SYN-0001472,2026-01-17T09:43:29+00:00,11978.23,USD,"Holmes, Le and Floyd",fee
SYN-0001473,2026-01-02T17:25:42+00:00,3394.71,USD,King-Garrison,fee
SYN-0001474,2026-01-23T08:39:31+00:00,13424.65,USD,Ross Ltd,refund
SYN-0001475,2026-01-21T02:17:24+00:00,1401.5,USD,Brown LLC,fee
SYN-0001476,2026-01-28T10:12:21+00:00,16955.26,USD,Combs-Davis,fee
SYN-0001477,2026-01-01T21:48:30+00:00,14435.36,USD,"Cook, Ward and Castro",
SYN-0001478,2026-01-18T03:58:07+00:00,24240.36,USD,Cooper-Jenkins,
SYN-0001479,2026-01-02T12:19:09+00:00,24590.49,USD,Dillon-Mccarty,
SYN-0001480,2026-01-09T01:22:06+00:00,15142.62,USD,Ray Ltd,internal_transfer
SYN-0001481,2026-01-06T16:08:01+00:00,19558.82,USD,"Ryan, Krause and Mitchell",refund
SYN-0001482,2026-01-16T06:25:06+00:00,791.67,USD,Nunez-Freeman,fee
SYN-0001483,2026-01-25T03:06:37+00:00,9290.22,USD,"Griffin, Miller and Austin",
SYN-0001484,2026-01-15T16:35:16+00:00,13127.99,USD,Welch-Thomas,
SYN-0001485,2026-01-19T03:59:34+00:00,935.84,USD,Davidson LLC,refund
SYN-0001486,2026-01-05T11:53:29+00:00,12650.36,USD,Welch-Duncan,wire
SYN-0001487,2026-01-25T06:36:19+00:00,4756.1,USD,Miller LLC,
SYN-0001488,2026-01-26T10:04:14+00:00,19388.55,USD,Edwards Ltd,
SYN-0001489,2026-01-05T18:28:16+00:00,24556.85,USD,Page-Jacobs,refund
SYN-0001490,2026-01-07T10:37:36+00:00,18114.54,USD,Nelson-Wallace,
SYN-0001491,2026-01-26T08:34:33+00:00,103.74,USD,Adkins-Meyer,
SYN-0001492,2026-01-29T20:23:42+00:00,2177.81,USD,Gutierrez-White,refund
SYN-0001493,2026-01-03T05:45:24+00:00,13014.92,USD,Martinez and Sons,
SYN-0001494,2026-01-16T04:03:59+00:00,14439.42,USD,"King, Manning and Brady",
SYN-0001495,2026-01-11T04:29:16+00:00,5014.69,USD,Jackson Inc,
SYN-0001496,2026-01-26T20:08:46+00:00,19319.9,USD,Brown Group,
SYN-0001497,2026-01-14T05:39:54+00:00,3938.24,USD,"Brown, Wise and Warren",
SYN-0001498,2026-01-28T04:00:40+00:00,2560.28,USD,Garcia PLC,internal_transfer
SYN-0001499,2026-01-27T16:03:26+00:00,6777.03,USD,Miller Group,
SYN-0001500,2026-01-14T18:01:50+00:00,6121.38,USD,Perez-Rojas,internal_transfer
SYN-0001501,2026-01-30T18:30:10+00:00,13514.89,USD,Sims-Anderson,
SYN-0001502,2026-01-02T09:46:44+00:00,22582.41,USD,Johnson Ltd,wire
SYN-0001503,2026-01-19T14:55:33+00:00,2153.9,USD,Dalton-Nguyen,
SYN-0001504,2026-01-29T22:31:54+00:00,15737.14,USD,Mcdonald-Pitts,internal_transfer
SYN-0001505,2026-01-22T15:26:12+00:00,8891.25,USD,Dunn-Taylor,internal_transfer
SYN-0001506,2026-01-10T14:51:29+00:00,18960.31,USD,"Ryan, Garza and Bryant",fee
SYN-0001507,2026-01-04T19:30:44+00:00,19110.94,USD,"Fields, Elliott and Mills",refund
SYN-0001508,2026-01-05T12:15:18+00:00,20058.96,USD,"Ferguson, Stout and Olson",refund
SYN-0001509,2026-01-05T17:19:10+00:00,7760.48,USD,Ballard Group,wire
SYN-0001510,2026-01-23T14:13:34+00:00,5793.12,USD,Diaz-Green,wire
SYN-0001511,2026-01-30T22:47:22+00:00,22821.63,USD,Smith-Mills,
SYN-0001512,2026-01-17T00:51:35+00:00,21519.93,USD,Cooper Group,refund
SYN-0001513,2026-01-24T15:59:11+00:00,1635.06,USD,"Smith, Weeks and Arroyo",
SYN-0001514,2026-01-24T05:40:12+00:00,21144.31,USD,Evans-Cannon,wire
SYN-0001515,2026-01-17T22:09:59+00:00,14367.38,USD,Harper-Robles,internal_transfer
SYN-0001516,2026-01-20T16:39:30+00:00,17857.11,USD,"Brooks, Jenkins and Castro",refund
SYN-0001517,2026-01-27T23:57:41+00:00,1774.03,USD,Wright-Espinoza,fee
SYN-0001518,2026-01-23T09:04:28+00:00,14763.81,USD,"Price, Gray and Baker",wire
SYN-0001519,2026-01-12T19:55:14+00:00,3976.35,USD,Garrett-Black,internal_transfer
SYN-0001520,2026-01-04T04:57:55+00:00,5206.75,USD,"Aguirre, Cohen and Mitchell",
SYN-0001521,2026-01-21T22:19:27+00:00,24505.15,USD,"Patel, Adams and Lopez",refund
SYN-0001522,2026-01-17T14:41:34+00:00,17353.63,USD,White LLC,internal_transfer
SYN-0001523,2026-01-04T18:45:12+00:00,23271.65,USD,Walsh PLC,fee
SYN-0001524,2026-01-24T14:57:55+00:00,14804.49,USD,Nelson-Dean,
SYN-0001525,2026-01-27T22:43:26+00:00,20550.75,USD,Flores and Sons,
SYN-0001526,2026-01-20T16:47:02+00:00,14956.88,USD,Booker Inc,
SYN-0001527,2026-01-29T22:51:45+00:00,20496.82,USD,Compton LLC,refund
SYN-0001528,2026-01-03T23:37:55+00:00,5441.08,USD,Martinez-Gonzales,
SYN-0001529,2026-01-29T04:38:37+00:00,15903.68,USD,Hall and Sons,refund
SYN-0001530,2026-01-08T02:56:50+00:00,not-a-number,USD,Snyder LLC,fee
SYN-0001531,2026-01-26T18:57:28+00:00,9750.18,USD,Collins-Lloyd,
SYN-0001532,2026-01-10T11:58:05+00:00,17038.24,USD,Ford-Moody,
SYN-0001533,2026-01-28T16:25:12+00:00,22830.19,USD,Miller-Christensen,refund
SYN-0001534,2026-01-22T02:29:37+00:00,24564.53,USD,Brown Group,fee
SYN-0001535,2026-01-05T08:01:38+00:00,203.97,USD,Daniels and Sons,internal_transfer
SYN-0001536,2026-01-20T14:55:26+00:00,3189.76,USD,Huang LLC,refund
SYN-0001537,2026-01-18T22:10:33+00:00,24197.52,USD,Clayton-Martinez,internal_transfer
SYN-0001538,2026-01-28T04:28:57+00:00,not-a-number,USD,"Wright, Wise and Ramos",refund
SYN-0001539,2026-01-06T07:48:28+00:00,7055.95,USD,"Vang, Gonzalez and Moss",refund
SYN-0001540,2026-01-21T22:59:06+00:00,3127.95,12A,Boyd and Sons,
SYN-0001541,2026-01-19T12:33:19+00:00,13628.42,USD,Price-Ali,wire
SYN-0001542,2026-01-24T01:15:55+00:00,4706.48,USD,Moore-Chandler,
SYN-0001543,2026-01-18T11:45:56+00:00,10431.47,USD,"Pineda, Meyer and King",refund
SYN-0001544,2026-01-07T02:16:31+00:00,291.06,USD,"Evans, Ward and Williams",
SYN-0001545,2026-01-07T23:46:02+00:00,22122.33,USD,"Robinson, Rodriguez and Chen",fee
SYN-0001546,2026-01-07T14:11:24+00:00,3431.37,USD,Smith-Bauer,
SYN-0001547,2026-01-23T03:18:42+00:00,17385.07,USD,"Wilson, Mccormick and Smith",refund
SYN-0001548,2026-01-09T17:28:44+00:00,12735.86,USD,Perkins Ltd,wire
SYN-0001549,2026-01-22T20:20:28+00:00,8883.33,USD,Barker-Moore,wire
SYN-0001550,2026-01-30T08:22:44+00:00,14448.88,USD,Wright Group,
SYN-0001551,2026-01-12T11:50:01+00:00,12543.72,USD,Parks LLC,fee
SYN-0001552,2026-01-27T12:19:47+00:00,9174.88,USD,"Brown, Kelly and Moore",internal_transfer
SYN-0001553,2026-01-28T13:56:32+00:00,17622.36,USD,"Moody, Martinez and Hall",wire
SYN-0001554,2026-01-24T09:01:35+00:00,2002.5,USD,"Kramer, Sherman and Trujillo",fee
SYN-0001555,2026-01-26T13:18:35+00:00,24591.73,USD,Quinn-Smith,refund
SYN-0001556,2026-01-23T13:41:24+00:00,1956.79,USD,Howard-Taylor,internal_transfer
SYN-0001557,2026-01-05T07:02:50+00:00,11811.82,USD,Washington Group,
SYN-0001558,2026-01-04T18:58:19+00:00,15842.56,USD,"Phillips, Terry and Lopez",fee
SYN-0001559,2026-01-16T04:05:18+00:00,1320.3,USD,Stephens LLC,internal_transfer
SYN-0001560,2026-01-01T12:33:48+00:00,11351.42,USD,"Mcdonald, Dillon and George",wire
SYN-0001561,2026-01-28T20:43:04+00:00,8288.52,USD,"Martin, Schmidt and Cole",fee
SYN-0001562,2026-01-15T07:15:17+00:00,4188.54,USD,Weaver-Gibson,
SYN-0001563,2026-01-30T00:17:49+00:00,7602.47,USD,"Hunter, Gross and Andrade",fee
SYN-0001564,2026-01-13T15:26:17+00:00,15732.87,USD,"Vincent, Parsons and Allen",
SYN-0001565,2026-01-28T19:25:48+00:00,16408.34,USD,"Brown, Coffey and Fuentes",
SYN-0001566,2026-01-02T07:48:16+00:00,12119.52,USD,Warren Group,
SYN-0001567,2026-01-04T17:33:03+00:00,19594.29,USD,"Moore, Campbell and Ortiz",refund
SYN-0001568,2026-01-30T21:27:23+00:00,6881.15,USD,Rodriguez-Mills,
SYN-0001569,2026-01-06T09:57:52+00:00,4366.17,USD,Williams and Sons,internal_transfer
SYN-0001570,2026-01-08T08:05:08+00:00,11166.88,USD,Russo and Sons,fee
SYN-0001571,2026-01-13T16:22:52+00:00,17519.67,USD,Washington Inc,refund
SYN-0001572,2026-01-26T14:27:09+00:00,828.23,USD,Duncan Group,refund
SYN-0001573,2026-01-08T01:01:08+00:00,23348.61,USD,"Burns, Hanson and Garza",internal_transfer
SYN-0001574,2026-01-25T01:49:17+00:00,24839.65,USD,Diaz PLC,refund
SYN-0001575,2026-01-12T13:13:43+00:00,11005.19,USD,"Jones, Conrad and Clark",fee
SYN-0001576,2026-01-11T05:39:57+00:00,18359.29,USD,Hebert-Collier,internal_transfer
SYN-0001577,2026-01-13T20:02:35+00:00,20488.46,USD,Owen-Brown,refund
SYN-0001578,2026-01-23T12:36:59+00:00,11906.32,USD,"Paul, Zamora and Short",wire
SYN-0001579,2026-01-26T20:25:54+00:00,9495.64,USD,"Brown, Jensen and Rice",
SYN-0001580,2026-01-24T00:56:12+00:00,3629.6,USD,"Jones, Torres and Blackburn",
SYN-0001581,2026-01-01T13:49:17+00:00,23180.64,USD,"Davis, Hardy and Schmidt",
SYN-0001582,2026-01-16T07:48:14+00:00,17072.22,USD,Lee Ltd,internal_transfer
SYN-0001583,2026-01-26T19:00:05+00:00,8846.35,USD,Hudson and Sons,fee
SYN-0001584,2026-01-30T15:16:02+00:00,21459.03,USD,"Curry, Perry and Garcia",fee
SYN-0001585,2026-01-13T23:10:47+00:00,2457.82,USD,"Ray, Craig and Park",refund
SYN-0001586,2026-01-19T23:43:37+00:00,19329.0,USD,Andrade-Jackson,wire
SYN-0001587,2026-01-29T13:54:48+00:00,4873.95,USD,Pierce PLC,refund
SYN-0001588,2026-01-09T17:37:05+00:00,13690.77,USD,Sandoval-Ferguson,
SYN-0001589,2026-01-04T07:10:11+00:00,10281.81,USD,"Ramos, Gomez and Edwards",
SYN-0001590,2026-01-22T15:33:37+00:00,5486.19,USD,Kirk-Gutierrez,
SYN-0001591,2026-01-10T08:57:14+00:00,593.49,USD,"Jordan, Swanson and Franklin",
SYN-0001592,2026-01-29T20:13:17+00:00,22349.28,USD,"Gardner, Brooks and Pierce",fee
SYN-0001593,2026-01-30T02:20:02+00:00,3045.63,USD,"King, Nixon and West",fee
SYN-0001594,2026-01-05T04:38:50+00:00,15117.54,USD,Smith-Johnson,refund
SYN-0001595,2026-01-28T11:31:04+00:00,24179.17,USD,Larson-Holmes,refund
SYN-0001596,2026-01-09T22:40:55+00:00,7364.92,USD,Smith-Joyce,
SYN-0001597,2026-01-04T16:12:48+00:00,11336.64,USD,Foley Inc,fee
SYN-0001598,2026-01-21T17:28:18+00:00,22584.88,USD,"Short, Ellison and Dixon",fee
SYN-0001599,2026-01-16T16:47:35+00:00,4049.99,USD,"Howe, Moore and Johnson",
SYN-0001600,2026-01-04T00:41:11+00:00,9715.37,USD,Moore-Baker,wire
SYN-0001601,2026-01-13T12:52:11+00:00,6617.36,USD,"Wright, Scott and Evans",refund
SYN-0001602,2026-01-24T20:53:50+00:00,15257.94,USD,"Ross, Hardin and Navarro",
SYN-0001603,2026-01-24T21:17:17+00:00,3597.67,USD,"Nguyen, Olson and Freeman",
SYN-0001604,2026-01-11T14:26:19+00:00,16083.81,USD,"Warner, Weiss and Davis",internal_transfer
SYN-0001605,2026-01-13T13:45:09+00:00,872.49,USD,"Evans, Cross and Johnston",
SYN-0001606,2026-01-13T03:57:57+00:00,11147.61,USD,Deleon LLC,refund
SYN-0001607,2026-01-08T05:25:40+00:00,16008.74,USD,Hobbs-Hamilton,fee
SYN-0001608,2026-01-19T22:56:47+00:00,3791.04,USD,Kane and Sons,
SYN-0001609,2026-01-19T23:55:58+00:00,93.59,USD,"Delgado, Guzman and Smith",internal_transfer
SYN-0001610,2026-01-24T19:40:58+00:00,10902.01,USD,"Reyes, Torres and Williams",wire
SYN-0001611,2026-01-04T09:40:19+00:00,5646.95,USD,"Cunningham, Murphy and Wolfe",internal_transfer
SYN-0001612,2026-01-24T09:38:52+00:00,14181.53,USD,Williams Ltd,
SYN-0001613,2026-01-18T10:10:12+00:00,17046.21,USD,Maddox-Mullins,
SYN-0001614,2026-01-05T09:38:04+00:00,13366.12,USD,"Wagner, Walker and Roberts",
SYN-0001615,2026-01-04T21:44:20+00:00,11491.52,USD,Hernandez-Rogers,refund
SYN-0001616,2026-01-10T20:39:09+00:00,13862.33,USD,Duncan-Williams,
SYN-0001617,2026-01-10T06:32:05+00:00,17397.36,USD,Baker-Ross,
SYN-0001618,2026-01-18T10:34:10+00:00,2122.48,USD,Ayala-Anderson,wire
SYN-0001619,2026-01-10T04:44:31+00:00,893.42,USD,Castillo and Sons,
SYN-0001620,2026-01-29T18:49:53+00:00,14129.00,USD,,
SYN-0001621,2026-01-15T22:31:56+00:00,13348.97,USD,Foster-Duncan,wire
SYN-0001622,2026-01-22T19:28:51+00:00,927.03,USD,"Gilbert, Fitzgerald and Sanchez",
SYN-0001623,2026-01-03T01:52:57+00:00,2955.56,USD,Adams Group,wire
SYN-0001624,2026-01-26T09:28:42+00:00,23502.3,USD,Cohen-Johnston,wire
SYN-0001625,2026-01-27T01:08:21+00:00,18526.55,USD,Powers Group,
SYN-0001626,2026-01-04T11:55:30+00:00,18386.76,USD,Bailey-Flores,
SYN-0001627,2026-01-01T22:12:36+00:00,22679.56,USD,"Rios, Carrillo and Jackson",wire
SYN-0001628,2026-01-12T18:44:44+00:00,16220.01,USD,Jensen-Branch,fee
SYN-0001629,2026-01-03T10:12:19+00:00,490.97,12A,Hanson-Alexander,
SYN-0001630,2026-01-29T16:36:51+00:00,20445.19,USD,Gonzalez LLC,
SYN-0001631,2026-01-25T03:12:50+00:00,19979.58,USD,Todd Inc,internal_transfer
SYN-0001632,2026-01-10T20:05:38+00:00,8434.24,USD,Singh and Sons,wire
SYN-0001633,2026-01-20T12:22:26+00:00,3020.94,USD,"Mcintosh, Melton and Wilkins",
SYN-0001634,2026-01-27T12:00:06+00:00,8040.43,USD,Cooper Inc,
SYN-0001635,2026-01-11T08:25:59+00:00,1140.62,USD,Cole-Johnson,refund
SYN-0001636,2026-01-04T01:39:31+00:00,6848.06,USD,Singh and Sons,
SYN-0001637,2026-01-09T03:47:36+00:00,9248.81,USD,Payne LLC,fee
SYN-0001638,2026-01-12T19:51:59+00:00,1018.43,USD,"Webb, Blair and Thomas",internal_transfer
SYN-0001639,2026-01-30T17:32:45+00:00,19441.76,USD,"Barnett, Bennett and Escobar",wire
SYN-0001640,2026-01-24T15:21:29+00:00,21759.00,USD,,
SYN-0001641,2026-01-29T19:44:46+00:00,10406.14,USD,"Williams, Jackson and Campbell",
SYN-0001642,2026-01-24T02:35:41+00:00,3173.18,USD,"Williamson, Brown and Pena",fee
SYN-0001643,2026-01-14T03:40:45+00:00,11261.03,USD,Jones Ltd,internal_transfer
SYN-0001644,2026-01-09T11:21:51+00:00,17292.15,USD,Alvarado-Durham,internal_transfer
SYN-0001645,2026-01-25T06:24:40+00:00,23757.5,USD,Lin-Smith,internal_transfer
SYN-0001646,2026-01-15T14:55:23+00:00,10470.23,USD,"Hughes, Whitney and Romero",
SYN-0001647,2026-01-10T07:34:58+00:00,24665.1,USD,"Garcia, Stewart and Delacruz",
SYN-0001648,2026-01-18T13:38:44+00:00,19028.44,USD,"Miller, Gonzalez and Rasmussen",refund
SYN-0001649,2026-01-11T15:28:30+00:00,19258.51,USD,"House, Smith and Wright",wire
SYN-0001650,2026-01-14T10:03:37+00:00,4843.78,USD,"Torres, Burns and Garner",
SYN-0001651,2026-01-24T00:43:51+00:00,4408.92,USD,Reed LLC,wire
SYN-0001652,2026-01-03T02:13:59+00:00,16121.88,USD,Garrett-Young,
SYN-0001653,2026-01-22T02:25:45+00:00,8358.03,USD,"Hill, Brown and Scott",
SYN-0001654,2026-01-22T23:57:18+00:00,2611.42,USD,Zamora-Briggs,
SYN-0001655,2026-01-27T02:04:13+00:00,3951.98,USD,Raymond LLC,
SYN-0001656,2026-01-25T23:54:22+00:00,25421.00,USD,,
SYN-0001657,2026-01-29T18:33:11+00:00,8149.98,USD,Hernandez Group,internal_transfer
SYN-0001658,2026-01-16T19:27:01+00:00,19474.6,USD,"Taylor, Blair and Meyer",
SYN-0001659,2026-01-05T18:15:10+00:00,18443.96,USD,"Salazar, Garrett and Perez",
SYN-0001660,2026-01-19T05:31:36+00:00,1839.17,USD,Berry Group,
SYN-0001661,2026-01-03T15:18:35+00:00,3624.39,USD,Browning-Murphy,wire
SYN-0001662,2026-01-23T02:06:10+00:00,9683.87,USD,"Anderson, Delgado and Carpenter",
SYN-0001663,2026-01-10T10:12:24+00:00,8965.4,USD,"Mcbride, Huffman and Parker",fee
SYN-0001664,2026-01-17T07:20:30+00:00,803.33,USD,"Roach, Browning and Jordan",
SYN-0001665,2026-01-14T14:55:39+00:00,2778.62,USD,Douglas PLC,
SYN-0001666,2026-01-21T07:15:57+00:00,19008.73,USD,Stewart PLC,
SYN-0001667,2026-01-15T07:53:17+00:00,3920.55,USD,"Fry, Wilson and Stewart",internal_transfer
SYN-0001668,2026-01-30T16:28:54+00:00,14453.46,USD,Acosta LLC,
SYN-0001669,2026-01-12T03:37:21+00:00,10292.99,USD,Ali-Turner,
SYN-0001670,2026-01-11T12:10:26+00:00,11837.75,USD,"Peck, Shannon and Mahoney",internal_transfer
SYN-0001671,2026-01-01T16:53:53+00:00,10703.33,USD,Hernandez-Lopez,fee
SYN-0001672,2026-01-13T00:44:40+00:00,10856.78,USD,Lopez PLC,
SYN-0001673,2026-01-29T17:27:50+00:00,22843.95,USD,"Adams, Bradley and Hall",
SYN-0001674,2026-01-21T06:44:22+00:00,1002.43,USD,Hall Inc,
SYN-0001675,2026-01-25T11:27:16+00:00,10643.02,USD,Miller-Chan,
SYN-0001676,2026-01-05T18:10:38+00:00,12382.63,USD,Shaw PLC,wire
SYN-0001677,2026-01-01T14:28:25+00:00,18294.93,USD,Joseph-Brooks,fee
SYN-0001678,2026-01-07T10:37:14+00:00,7395.46,USD,Henry-Taylor,
SYN-0001679,2026-01-05T09:42:27+00:00,11995.09,USD,Perez Group,
SYN-0001680,2026-01-23T07:06:11+00:00,14259.95,USD,Schaefer Group,refund
SYN-0001681,2026-01-23T01:55:40+00:00,19296.1,USD,Newton and Sons,wire
SYN-0001682,2026-01-20T16:16:44+00:00,19746.68,USD,Jones Group,
SYN-0001683,2026-01-23T12:56:37+00:00,15835.42,USD,"Burns, Nguyen and Ellis",fee
SYN-0001684,2026-01-04T10:22:11+00:00,22335.97,USD,Patterson Inc,wire
SYN-0001685,2026-01-02T14:06:53+00:00,10648.13,USD,"Moss, James and Edwards",
SYN-0001686,2026-01-30T17:36:56+00:00,14381.16,USD,"Crosby, Armstrong and Herrera",internal_transfer
SYN-0001687,2026-01-04T22:19:26+00:00,22021.3,USD,"Liu, Buchanan and Meyer",internal_transfer
SYN-0001688,2026-01-03T15:51:36+00:00,23633.11,USD,Bryant-Rich,internal_transfer
SYN-0001689,2026-01-03T12:04:29+00:00,9574.49,USD,Stone Group,
SYN-0001690,2026-01-02T23:37:19+00:00,9161.46,USD,"Williams, Hughes and Hubbard",
SYN-0001691,2026-01-04T06:04:03+00:00,17733.72,USD,Lee Group,internal_transfer
SYN-0001692,2026-01-17T06:13:16+00:00,13491.31,USD,Wilkerson-Ayala,
SYN-0001693,2026-01-29T03:53:17+00:00,23977.63,USD,Murray-Henderson,refund
SYN-0001694,2026-01-11T22:39:12+00:00,8818.44,USD,"Ellison, Vaughn and Mckee",
SYN-0001695,2026-01-21T12:44:53+00:00,1362.45,USD,Gallegos-Hayes,
SYN-0001696,2026-01-22T23:05:47+00:00,12536.75,USD,"Mason, White and Richards",wire
SYN-0001697,2026-01-23T19:46:50+00:00,13298.08,USD,"Payne, Long and Morris",fee
SYN-0001698,2026-01-15T04:30:45+00:00,15524.16,USD,White PLC,wire
SYN-0001699,2026-01-04T04:27:42+00:00,22297.69,USD,"Huang, Khan and Davis",
SYN-0001700,2026-01-04T21:24:19+00:00,22448.75,USD,Holt-Meadows,wire
SYN-0001701,2026-01-04T17:39:00+00:00,4119.99,USD,Higgins Inc,
SYN-0001702,2026-01-08T04:22:44+00:00,3763.3,USD,Wilson Group,wire
SYN-0001703,2026-01-02T02:26:09+00:00,10414.0,USD,"Cox, Mills and Cruz",
SYN-0001704,2026-01-07T09:49:22+00:00,8668.16,USD,"Salazar, Moore and Pierce",wire
SYN-0001705,2026-01-02T01:01:43+00:00,4727.33,USD,Tate LLC,
SYN-0001706,2026-01-12T06:40:54+00:00,3225.14,usd,"Savage, Huffman and Martin",
SYN-0001707,2026-01-16T20:10:28+00:00,14834.34,USD,White Ltd,wire
SYN-0001708,2026-01-27T15:00:44+00:00,11450.72,USD,Barnes LLC,wire
SYN-0001709,2026-01-15T21:05:33+00:00,19731.9,USD,"Mack, Griffin and Sims",
SYN-0001710,2026-01-19T01:17:51+00:00,19243.97,USD,Roach and Sons,
SYN-0001711,2026-01-18T03:24:56+00:00,11398.71,USD,Dean LLC,
SYN-0001712,2026-01-08T19:20:01+00:00,13383.38,USD,Ellis Group,fee
SYN-0001713,2026-01-09T12:18:30+00:00,17703.07,USD,"Aguirre, Franklin and Snyder",refund
SYN-0001714,2026-01-08T10:49:21+00:00,5948.4,USD,Chapman Group,
SYN-0001715,2026-01-16T08:53:45+00:00,3162.71,USD,Ortiz-Miller,internal_transfer
SYN-0001716,2026-01-09T22:57:14+00:00,14062.62,USD,"Smith, Khan and Ramirez",
SYN-0001717,2026-01-16T09:15:58+00:00,39389.00,USD,,
SYN-0001718,2026-01-08T21:26:23+00:00,7539.69,USD,"Grant, Bryan and Williams",internal_transfer
SYN-0001719,2026-01-20T15:20:57+00:00,19213.19,USD,Brown LLC,wire
SYN-0001720,2026-01-16T13:04:51+00:00,108.35,USD,Thomas Inc,
SYN-0001721,2026-01-25T15:10:27+00:00,16181.45,USD,"Lane, Morrison and Rivera",
SYN-0001722,2026-01-15T01:40:23+00:00,24517.26,USD,Williams Group,refund
SYN-0001723,2026-01-08T03:21:52+00:00,14131.22,USD,Martin LLC,refund
SYN-0001724,2026-01-22T11:05:25+00:00,17228.99,USD,"Guerrero, Graves and Armstrong",
SYN-0001725,2026-01-02T22:41:51+00:00,16950.53,USD,"Thompson, Gibson and Riley",
SYN-0001726,2026-01-02T04:53:20+00:00,15438.43,USD,Davis LLC,wire
SYN-0001727,2026-01-18T08:23:37+00:00,8159.84,USD,Richardson-Gray,
SYN-0001728,2026-01-10T11:21:57+00:00,13161.32,USD,Chang PLC,internal_transfer
SYN-0001729,2026-01-14T11:48:31+00:00,564.69,USD,Carter and Sons,
SYN-0001730,2026-01-22T14:59:46+00:00,16789.27,USD,Neal LLC,fee
SYN-0001731,2026-01-25T20:16:32+00:00,4862.06,USD,Rose-Warren,wire
SYN-0001732,2026-01-30T08:58:00+00:00,23585.11,USD,"Clark, Brown and Duncan",internal_transfer
SYN-0001733,2026-01-18T12:40:15+00:00,3699.5,USD,"Rice, Miller and Ramsey",wire
SYN-0001734,2026-01-18T22:39:00+00:00,9321.41,USD,"Peck, Andersen and Mitchell",wire
SYN-0001735,2026-01-18T01:21:29+00:00,24438.11,USD,"Abbott, Green and Andrews",
SYN-0001736,2026-01-05T06:03:35+00:00,18196.61,USD,"Gomez, Anderson and Hart",
SYN-0001737,2026-01-21T04:13:13+00:00,11063.17,USD,"Daniel, Jimenez and Morton",refund
SYN-0001738,2026-01-21T13:48:01+00:00,22410.82,USD,"Hall, Roberts and Lee",fee
SYN-0001739,2026-01-29T12:06:51+00:00,2152.86,USD,Johnson Ltd,internal_transfer
SYN-0001740,2026-01-24T00:57:51+00:00,13133.0,USD,Mclaughlin and Sons,refund
SYN-0001741,2026-01-29T16:11:26+00:00,9394.93,USD,"Duarte, Gutierrez and Cook",refund
SYN-0001742,2026-01-14T06:27:04+00:00,not-a-number,USD,"Shaffer, Lewis and Davidson",wire
SYN-0001743,2026-01-23T10:24:31+00:00,14198.34,USD,"Campbell, Tyler and Parker",fee
SYN-0001744,2026-01-10T16:09:06+00:00,20807.26,USD,"Pierce, Wang and Wilson",
SYN-0001745,2026-01-24T19:34:25+00:00,20570.16,USD,Peterson-Ramsey,
SYN-0001746,2026-01-29T09:49:01+00:00,12353.02,USD,"Choi, Collier and Lee",
SYN-0001747,2026-01-11T21:35:06+00:00,19780.7,USD,Nielsen-Mendoza,
SYN-0001748,2026-01-15T13:43:21+00:00,20856.24,USD,Robles-Brewer,fee
SYN-0001749,2026-01-14T23:10:55+00:00,4485.13,USD,Moore-Murray,wire
SYN-0001750,2026-01-12T21:09:17+00:00,2984.75,USD,"Huang, Ford and Olsen",
SYN-0001751,2026-01-04T05:44:24+00:00,18639.39,USD,"Brown, Meyer and Cunningham",internal_transfer
SYN-0001752,2026-01-28T10:56:31+00:00,21708.78,USD,"Stewart, Herrera and Clark",wire
SYN-0001753,2026-01-24T02:37:39+00:00,20457.2,USD,"Rivera, Hendricks and Flynn",fee
SYN-0001754,2026-01-28T22:13:50+00:00,21132.16,USD,Montes LLC,
SYN-0001755,2026-01-03T20:10:10+00:00,7992.71,USD,Morgan Group,
SYN-0001756,2026-01-07T13:51:57+00:00,4083.56,USD,"Ferguson, Martin and Obrien",
SYN-0001757,2026-01-21T08:46:09+00:00,22802.7,USD,Larson LLC,fee
SYN-0001758,2026-01-15T01:42:25+00:00,13240.78,USD,"Hodge, Mckinney and Nelson",
SYN-0001759,2026-01-25T22:41:52+00:00,19161.29,USD,Crawford and Sons,
SYN-0001760,2026-01-05T14:06:38+00:00,18815.96,USD,Hayes-Sampson,internal_transfer
SYN-0001761,2026-01-16T08:24:42+00:00,21125.03,USD,Warren and Sons,refund
SYN-0001762,2026-01-14T04:16:21+00:00,17449.49,USD,Brooks Inc,fee
SYN-0001763,2026-01-26T22:38:41+00:00,8791.38,USD,Gentry Group,internal_transfer
SYN-0001764,2026-01-07T15:33:27+00:00,7036.16,USD,"Johnson, Webb and Porter",internal_transfer
SYN-0001765,2026-01-21T00:00:30+00:00,23022.76,USD,Peterson Group,
SYN-0001766,2026-01-11T13:50:39+00:00,12585.07,USD,"Russo, Collins and Murphy",
SYN-0001767,2026-01-28T02:52:49+00:00,17241.63,USD,Short PLC,internal_transfer
SYN-0001768,2026-01-26T19:56:10+00:00,13778.27,USD,"Haney, Harris and Johnson",fee
SYN-0001769,2026-01-06T12:46:51+00:00,11512.82,USD,Reeves-Boyd,wire
SYN-0001770,2026-01-07T08:53:47+00:00,11988.48,USD,Collins Inc,
SYN-0001771,2026-01-18T14:25:22+00:00,20426.15,USD,"Charles, Wiggins and Cook",
SYN-0001772,2026-01-30T00:18:40+00:00,19089.98,USD,Garcia Ltd,internal_transfer
SYN-0001773,2026-01-15T18:58:58+00:00,18611.76,USD,"Edwards, Lane and Collins",
SYN-0001774,2026-01-07T05:57:47+00:00,17356.41,USD,Flores and Sons,refund
SYN-0001775,2026-01-15T22:10:47+00:00,5246.82,USD,Hill-Flores,
SYN-0001776,2026-01-21T14:56:01+00:00,19075.83,USD,Lambert-Nelson,fee
SYN-0001777,2026-01-01T21:54:39+00:00,12106.89,USD,Hill Inc,refund
SYN-0001778,2026-01-10T12:45:55+00:00,820.79,USD,"Castro, Garcia and Daniels",
SYN-0001779,2026-01-29T19:06:01+00:00,11727.59,USD,"Flores, Thomas and Bush",
SYN-0001780,2026-01-03T02:25:35+00:00,7541.84,USD,Andrews-Jackson,
SYN-0001781,2026-01-05T16:26:05+00:00,49440.00,USD,,
SYN-0001782,2026-01-10T17:02:43+00:00,16765.35,USD,Austin-Morgan,
SYN-0001783,2026-01-08T01:35:10+00:00,1390.49,12A,Williams-Johnson,
SYN-0001784,2026-01-08T19:03:46+00:00,12516.36,USD,"Williams, Reyes and Miller",refund
SYN-0001785,2026-01-12T17:44:37+00:00,14256.31,USD,White-Carlson,internal_transfer
SYN-0001786,2026-01-29T01:34:28+00:00,350.59,USD,"Soto, Vaughn and Griffin",refund
SYN-0001787,2026-01-10T07:10:08+00:00,4295.16,USD,Edwards-Roth,
SYN-0001788,2026-01-01T05:02:36+00:00,2468.04,USD,"Chang, Lamb and Miller",fee
SYN-0001789,2026-01-25T11:25:48+00:00,17694.19,USD,Bradley-Davis,refund
SYN-0001790,2026-01-29T14:40:41+00:00,10992.21,USD,"Mcdonald, Bryant and Cohen",
SYN-0001791,2026-01-09T18:42:13+00:00,8871.2,USD,"Miranda, Ruiz and Meza",refund
SYN-0001792,2026-01-11T09:38:50+00:00,5689.63,USD,Callahan PLC,internal_transfer
SYN-0001793,2026-01-16T06:09:47+00:00,11648.08,USD,Durham-Myers,
SYN-0001794,2026-01-25T01:40:03+00:00,9031.9,USD,"Stark, Rivera and Valencia",refund
SYN-0001795,2026-01-02T23:18:44+00:00,8203.56,USD,Chavez-Johnson,
SYN-0001796,2026-01-14T18:25:52+00:00,15010.14,USD,Rodriguez-Mendoza,wire
SYN-0001797,2026-01-22T13:14:45+00:00,13848.34,USD,Campbell LLC,
SYN-0001798,2026-01-21T18:36:41+00:00,21419.49,USD,"Andrews, Romero and Sullivan",
SYN-0001799,2026-01-24T02:12:13+00:00,9186.67,USD,"Robles, Nguyen and Banks",fee
SYN-0001800,2026-01-24T20:48:42+00:00,38709.00,USD,,
SYN-0001801,2026-01-05T03:02:20+00:00,3585.05,USD,Patel-Morales,
SYN-0001802,2026-01-29T16:02:56+00:00,18536.06,USD,Allen-Sanchez,
SYN-0001803,2026-01-09T04:34:36+00:00,9093.39,USD,Dickson Group,
SYN-0001804,2026-01-10T17:19:25+00:00,21100.89,USD,Peterson Ltd,internal_transfer
SYN-0001805,2026-01-12T07:18:46+00:00,10618.18,USD,"Reynolds, Baird and Bradley",refund
SYN-0001806,2026-01-29T05:59:03+00:00,6825.05,USD,Stephens-Young,internal_transfer
SYN-0001807,2026-01-20T10:18:29+00:00,11896.18,USD,"Caldwell, Stevenson and Joseph",
SYN-0001808,2026-01-20T15:12:39+00:00,12785.85,USD,Wilson-Carlson,wire
SYN-0001809,2026-01-23T01:41:16+00:00,3055.63,USD,Peters-Short,
SYN-0001810,2026-01-12T04:55:36+00:00,23560.13,USD,Parker Group,fee
SYN-0001811,2026-01-03T13:34:39+00:00,54441.00,USD,,
SYN-0001812,2026-01-09T16:39:41+00:00,1638.14,usd,George Ltd,
SYN-0001813,2026-01-05T16:14:12+00:00,1913.85,USD,"Wise, Gray and Snyder",refund
SYN-0001814,2026-01-24T21:26:24+00:00,11651.08,USD,"Brown, Robinson and Taylor",refund
SYN-0001815,2026-01-25T04:05:39+00:00,12620.36,USD,"Berger, Fields and Smith",wire
SYN-0001816,2026-01-27T05:45:42+00:00,442.74,USD,Guerrero Group,internal_transfer
SYN-0001817,2026-01-21T21:27:35+00:00,9591.36,USD,"Carter, Gilbert and West",
SYN-0001818,2026-01-19T06:27:49+00:00,11491.95,USD,Maldonado LLC,wire
SYN-0001819,2026-01-28T00:33:48+00:00,1518.71,12A,Hudson-Gentry,
SYN-0001820,2026-01-21T21:46:47+00:00,7812.18,USD,Sellers-Zuniga,
SYN-0001821,2026-01-06T07:26:21+00:00,16875.94,USD,"Haas, Cooper and Davis",internal_transfer
SYN-0001822,2026-01-27T04:26:15+00:00,11745.99,USD,Carr PLC,internal_transfer
SYN-0001823,2026-01-08T14:06:55+00:00,1394.37,USD,Abbott-Phelps,internal_transfer
SYN-0001824,2026-01-29T16:37:02+00:00,15423.87,USD,Wood PLC,wire
SYN-0001825,2026-01-14T19:23:37+00:00,1536.54,USD,Smith PLC,
SYN-0001826,2026-01-07T05:21:41+00:00,9160.89,USD,Rodriguez-Campbell,refund
SYN-0001827,2026-01-29T08:22:15+00:00,19130.09,USD,Young Ltd,
SYN-0001828,2026-01-19T11:24:00+00:00,10704.28,USD,"Long, Flores and Reyes",
SYN-0001829,2026-01-20T23:55:57+00:00,1412.17,USD,Graham-Clark,
SYN-0001830,2026-01-12T09:21:16+00:00,7803.18,USD,Wells and Sons,fee
SYN-0001831,2026-01-04T04:18:47+00:00,7623.51,USD,"Cruz, Middleton and Larsen",refund
SYN-0001832,2026-01-01T22:57:58+00:00,8153.59,USD,Roberts Ltd,internal_transfer
SYN-0001833,2026-01-21T12:13:00+00:00,12869.48,USD,Taylor Inc,internal_transfer
SYN-0001834,2026-01-01T23:46:13+00:00,11743.03,USD,"Smith, Griffith and Tucker",fee
SYN-0001835,2026-01-16T08:45:57+00:00,1615.49,US,Proctor-Taylor,
SYN-0001836,2026-01-05T20:34:28+00:00,16878.11,USD,May Group,fee
SYN-0001837,2026-01-25T09:46:04+00:00,19122.83,USD,English-Dominguez,refund
SYN-0001838,2026-01-30T20:19:35+00:00,9083.99,USD,Hanson-Gibson,
SYN-0001839,2026-01-25T02:59:26+00:00,21183.51,USD,Arnold-Cole,fee
SYN-0001840,2026-01-27T00:17:30+00:00,7184.6,USD,Perez-Coleman,
SYN-0001841,2026-01-28T20:12:00+00:00,20115.27,USD,Lane Ltd,wire
SYN-0001842,2026-01-05T11:08:19+00:00,21104.83,USD,Joseph LLC,fee
SYN-0001843,2026-01-17T08:26:41+00:00,1682.68,USD,House-Johnston,
SYN-0001844,2026-01-24T01:43:40+00:00,5244.27,USD,Good PLC,wire
SYN-0001845,2026-01-15T15:40:38+00:00,20103.36,USD,Bush-Wilson,internal_transfer
SYN-0001846,2026-01-27T05:05:04+00:00,5002.72,USD,Nixon-Miller,
SYN-0001847,2026-01-26T00:26:55+00:00,16789.33,USD,"Simon, Terrell and Terrell",wire
SYN-0001848,2026-01-01T21:40:27+00:00,17583.59,USD,Marshall-Miller,fee
SYN-0001849,2026-01-29T00:04:16+00:00,5324.61,USD,"Davis, Kennedy and Harmon",wire
SYN-0001850,2026-01-23T16:26:18+00:00,23429.14,USD,"Miller, Schultz and Yates",
SYN-0001851,2026-01-30T19:51:13+00:00,19228.21,USD,Austin-Berger,refund
SYN-0001852,2026-01-28T11:34:24+00:00,15669.34,USD,"Osborne, Harrison and Hunt",fee
SYN-0001853,2026-01-18T16:24:38+00:00,3694.44,USD,Berry-Rivera,wire
SYN-0001854,2026-01-15T13:50:47+00:00,10885.28,USD,Yu-Yates,refund
SYN-0001855,2026-01-04T03:03:48+00:00,5089.75,USD,Jackson-Neal,fee
SYN-0001856,2026-01-14T22:25:52+00:00,4015.45,USD,"Curry, Acosta and Elliott",fee
SYN-0001857,2026-01-12T11:06:40+00:00,5962.85,USD,Soto PLC,wire
SYN-0001858,2026-01-02T08:16:39+00:00,19926.32,USD,Berry Ltd,
SYN-0001859,2026-01-24T13:30:41+00:00,24782.34,USD,Lamb-Weber,internal_transfer
SYN-0001860,2026-01-02T19:06:44+00:00,3984.8,USD,Washington-Martinez,
SYN-0001861,2026-01-13T13:03:14+00:00,20088.65,USD,York LLC,refund
SYN-0001862,2026-01-09T13:02:15+00:00,21313.17,USD,Anderson-Campbell,fee
SYN-0001863,2026-01-24T14:02:48+00:00,498.7,USD,Smith-Rodriguez,refund
SYN-0001864,2026-01-05T01:47:06+00:00,15040.39,USD,Kent Ltd,
SYN-0001865,2026-01-20T18:11:50+00:00,16792.13,USD,Hopkins LLC,
SYN-0001866,2026-01-20T06:24:58+00:00,18106.14,USD,Green Ltd,refund
SYN-0001867,2026-01-06T10:24:38+00:00,18362.28,USD,Washington PLC,internal_transfer
SYN-0001868,2026-01-26T08:07:28+00:00,20724.71,USD,Cooper Inc,fee
SYN-0001869,2026-01-26T11:58:20+00:00,12411.78,USD,Larson and Sons,
SYN-0001870,2026-01-30T02:50:32+00:00,19330.0,USD,Mullins-Gutierrez,
SYN-0001871,2026-01-29T08:47:21+00:00,9749.38,USD,Young-Alexander,fee
SYN-0001872,2026-01-12T10:53:16+00:00,5450.99,USD,"Jackson, Lane and Wilkinson",wire
SYN-0001873,2026-01-11T09:27:16+00:00,10987.45,USD,May Inc,
SYN-0001874,2026-01-29T14:47:42+00:00,12259.47,USD,Jackson Group,
SYN-0001875,2026-01-06T11:36:34+00:00,13644.08,USD,Turner-Reese,
SYN-0001876,2026-01-12T23:00:52+00:00,21985.96,USD,"Hall, Vega and Price",
SYN-0001877,2026-01-18T14:55:24+00:00,17892.07,USD,Thomas-Berg,wire
SYN-0001878,2026-01-02T00:33:11+00:00,24170.16,USD,Roberts Group,fee
SYN-0001879,2026-01-03T15:41:52+00:00,22936.51,USD,Gregory-Nixon,fee
SYN-0001880,2026-01-13T06:44:47+00:00,9617.87,USD,"Blanchard, Davis and Schmidt",internal_transfer
SYN-0001881,2026-01-18T14:45:24+00:00,17131.52,USD,Blanchard-Reynolds,refund
SYN-0001882,2026-01-12T11:24:17+00:00,11060.63,USD,"Garrison, Rogers and Adams",refund
SYN-0001883,2026-01-20T01:50:58+00:00,not-a-number,USD,Scott PLC,
SYN-0001884,2026-01-12T10:19:52+00:00,5260.45,USD,Murray-Leonard,
SYN-0001885,2026-01-22T07:17:32+00:00,7930.29,USD,Navarro PLC,fee
SYN-0001886,2026-01-20T17:21:38+00:00,848.01,USD,Meyer Ltd,refund
SYN-0001887,2026-01-24T20:51:45+00:00,18423.81,USD,"Kaiser, Edwards and Smith",wire
SYN-0001888,2026-01-17T03:38:58+00:00,10559.73,USD,Decker Inc,fee
SYN-0001889,2026-01-05T20:58:09+00:00,4009.42,USD,Davis-Garcia,refund
SYN-0001890,2026-01-04T05:19:24+00:00,10522.34,USD,Bell-Hardy,
SYN-0001891,2026-01-27T14:08:56+00:00,8169.88,USD,Lee-Johnson,fee
SYN-0001892,2026-01-03T12:41:58+00:00,16040.17,USD,Brown PLC,fee
SYN-0001893,2026-01-07T14:33:32+00:00,10017.15,USD,"Shannon, Robinson and Greene",
SYN-0001894,2026-01-16T05:30:44+00:00,2056.72,USD,Erickson Inc,internal_transfer
SYN-0001895,2026-01-26T01:36:35+00:00,24241.65,USD,Gates and Sons,fee
SYN-0001896,2026-01-07T07:34:09+00:00,14850.81,USD,Douglas-Yoder,refund
SYN-0001897,2026-01-16T12:07:37+00:00,11959.66,USD,"Pratt, Lopez and Rodriguez",wire
SYN-0001898,2026-01-13T15:42:50+00:00,17186.98,USD,King Group,
SYN-0001899,2026-01-14T16:19:03+00:00,2110.89,USD,"Mayer, Fowler and Livingston",
SYN-0001900,2026-01-20T02:27:14+00:00,23618.98,USD,Hammond-Schwartz,wire
SYN-0001901,2026-01-11T21:32:47+00:00,23702.78,USD,"Carrillo, Morris and Martin",
SYN-0001902,2026-01-30T17:02:07+00:00,5718.45,USD,Ramirez Inc,fee
SYN-0001903,2026-01-23T10:45:50+00:00,6545.32,USD,Price-Ferrell,
SYN-0001904,2026-01-03T10:00:04+00:00,15450.48,USD,Sosa-Baker,wire
SYN-0001905,2026-01-08T05:53:24+00:00,23950.86,USD,Jones-Krause,
SYN-0001906,2026-01-28T12:53:09+00:00,353.86,USD,Bishop and Sons,
SYN-0001907,2026-01-23T00:36:28+00:00,16840.58,USD,"Vasquez, Thomas and Mack",refund
SYN-0001908,2026-01-10T20:40:53+00:00,23651.36,USD,Mendez Inc,
SYN-0001909,2026-01-13T22:08:55+00:00,18661.33,USD,Baldwin-Garcia,
SYN-0001910,2026-01-21T22:30:39+00:00,5165.94,USD,Jones Ltd,refund
SYN-0001911,2026-01-14T17:40:50+00:00,16930.04,USD,Waters-Smith,fee
SYN-0001912,2026-01-20T19:57:54+00:00,3649.43,USD,Hernandez-Bowman,refund
SYN-0001913,2026-01-13T17:01:06+00:00,15442.39,USD,Ortega LLC,
SYN-0001914,2026-01-18T22:39:33+00:00,17106.99,USD,Graves Group,internal_transfer
SYN-0001915,2026-01-01T12:01:26+00:00,3330.99,USD,"Smith, Zimmerman and Wise",wire
SYN-0001916,2026-01-20T07:11:05+00:00,5306.23,USD,Graham-Anthony,fee
SYN-0001917,2026-01-21T13:10:10+00:00,14930.3,USD,Fernandez Inc,fee
SYN-0001918,2026-01-28T00:57:07+00:00,1303.76,USD,Finley-Meyers,
SYN-0001919,2026-01-23T20:40:33+00:00,24918.49,USD,Martinez-Nichols,
SYN-0001920,2026-01-30T00:59:27+00:00,18706.3,USD,Cook-Turner,fee
SYN-0001921,2026-01-13T07:31:54+00:00,15491.83,USD,Chen Ltd,internal_transfer
SYN-0001922,2026-01-20T03:51:18+00:00,9273.16,USD,Diaz LLC,fee
SYN-0001923,2026-01-28T03:56:06+00:00,14512.59,USD,Randall LLC,
SYN-0001924,2026-01-25T10:54:26+00:00,23258.24,USD,"Harris, Spencer and Ponce",wire
SYN-0001925,2026-01-07T09:41:50+00:00,7933.62,USD,"Lee, Dominguez and Mosley",
SYN-0001926,2026-01-07T21:12:14+00:00,2921.93,USD,"Barker, Tucker and Mcclure",
SYN-0001927,2026-01-07T04:58:51+00:00,21792.12,USD,Moss-Taylor,wire
SYN-0001928,2026-01-18T12:07:13+00:00,7073.85,USD,Johnson PLC,wire
SYN-0001929,2026-01-30T18:07:01+00:00,19039.34,USD,Burns Inc,refund
SYN-0001930,2026-01-16T04:41:00+00:00,22316.9,USD,"Schneider, Porter and Hanna",wire
SYN-0001931,2026-01-24T20:22:35+00:00,23751.32,USD,Levy-Smith,refund
SYN-0001932,2026-01-22T08:37:30+00:00,4723.81,USD,Brown-French,
SYN-0001933,2026-01-09T21:22:30+00:00,11756.72,USD,Sullivan and Sons,
SYN-0001934,2026-01-23T16:14:57+00:00,2901.49,USD,"Contreras, Ellis and Gregory",wire
SYN-0001935,2026-01-25T00:36:46+00:00,11038.55,USD,"Hernandez, Riley and Buckley",
SYN-0001936,2026-01-28T05:26:34+00:00,11444.53,USD,Moss Group,wire
SYN-0001937,2026-01-08T04:29:42+00:00,8740.76,USD,"Smith, Meadows and Montgomery",
SYN-0001938,2026-01-14T19:01:10+00:00,20874.01,USD,Haynes and Sons,
SYN-0001939,2026-01-14T05:49:30+00:00,22272.47,USD,Jackson Inc,internal_transfer
SYN-0001940,2026-01-29T07:52:55+00:00,13150.86,USD,Hoover-Davis,
SYN-0001941,2026-01-21T05:09:47+00:00,6154.69,USD,"Jackson, Garza and Meyers",
SYN-0001942,2026-01-05T13:52:24+00:00,650.03,USD,Wilson PLC,
SYN-0001943,2026-01-06T22:07:47+00:00,9339.58,USD,"Walker, Brock and Simmons",wire
SYN-0001944,2026-01-06T03:34:49+00:00,8089.13,USD,"Gregory, Nguyen and Daugherty",refund
SYN-0001945,2026-01-23T08:12:37+00:00,2401.88,12A,"Gardner, Morris and Oconnell",
SYN-0001946,2026-01-29T20:17:53+00:00,146.13,USD,Duran PLC,fee
SYN-0001947,2026-01-22T23:54:07+00:00,23685.51,USD,Rogers Inc,
SYN-0001948,2026-01-28T15:07:03+00:00,5284.96,USD,Thomas-Perry,
SYN-0001949,2026-01-14T17:39:55+00:00,19953.88,USD,"Wood, Martin and Sanchez",
SYN-0001950,2026-01-27T13:28:59+00:00,9535.39,USD,"Williams, Garcia and Boone",internal_transfer
SYN-0001951,2026-01-09T15:23:51+00:00,24126.27,USD,"Bennett, Moore and Hobbs",
SYN-0001952,2026-01-05T07:54:42+00:00,21308.79,USD,Smith and Sons,
SYN-0001953,2026-01-20T12:49:32+00:00,16179.55,USD,Mann PLC,
SYN-0001954,2026-01-08T11:34:47+00:00,7464.37,USD,Butler-Aguirre,
SYN-0001955,2026-01-16T01:17:39+00:00,15088.24,USD,Schwartz-Harris,fee
SYN-0001956,2026-01-05T15:58:40+00:00,9187.05,USD,"Nelson, Cole and Allen",refund
SYN-0001957,2026-01-22T14:58:40+00:00,11911.52,USD,Bishop Inc,wire
SYN-0001958,2026-01-21T12:54:46+00:00,18912.51,USD,"White, Porter and Clements",
SYN-0001959,2026-01-30T19:12:28+00:00,10853.21,USD,"Serrano, Turner and Barnes",
SYN-0001960,2026-01-02T23:06:49+00:00,8544.28,USD,"Young, Wilson and Moreno",internal_transfer
SYN-0001961,2026-01-11T21:14:49+00:00,17156.23,USD,Montgomery PLC,fee
SYN-0001962,2026-01-25T01:05:32+00:00,15739.36,USD,"Robinson, Townsend and Hopkins",internal_transfer
SYN-0001963,2026-01-15T02:41:36+00:00,10934.45,USD,Brown-Rodriguez,wire
SYN-0001964,2026-01-24T04:27:27+00:00,3716.01,USD,Jennings Group,
SYN-0001965,2026-01-15T14:00:05+00:00,6217.09,USD,Thompson-Santiago,refund
SYN-0001966,2026-01-28T14:23:31+00:00,13775.31,USD,Brown LLC,
SYN-0001967,2026-01-25T22:10:16+00:00,12766.78,USD,Clark-King,
SYN-0001968,2026-01-23T13:21:50+00:00,18008.03,USD,"Trujillo, Chang and Williams",fee
SYN-0001969,2026-01-18T06:08:17+00:00,14639.61,USD,"Williams, Medina and Moore",
SYN-0001970,2026-01-01T18:57:15+00:00,18513.16,USD,Washington Inc,
SYN-0001971,2026-01-09T20:17:16+00:00,9824.54,USD,Jacobson Ltd,refund
SYN-0001972,2026-01-15T10:47:04+00:00,14680.62,USD,Watkins-Nguyen,
SYN-0001973,2026-01-22T20:13:38+00:00,20196.04,USD,Burgess LLC,internal_transfer
SYN-0001974,2026-01-10T02:05:39+00:00,4628.0,USD,Maxwell LLC,
SYN-0001975,2026-01-30T07:46:21+00:00,21790.52,USD,Garcia Ltd,
SYN-0001976,2026-01-26T22:35:35+00:00,147.17,USD,Kane-Bennett,
SYN-0001977,2026-01-09T08:05:10+00:00,11928.52,USD,Jones PLC,fee
SYN-0001978,2026-01-30T05:14:58+00:00,12168.58,USD,Brown-Graham,fee
SYN-0001979,2026-01-30T22:33:35+00:00,17266.87,USD,Reilly Group,
SYN-0001980,2026-01-20T04:12:18+00:00,7567.11,USD,Hughes and Sons,refund
SYN-0001981,2026-01-01T16:09:59+00:00,2798.7,USD,Cortez-Chen,
SYN-0001982,2026-01-10T03:17:36+00:00,41531.00,USD,,
SYN-0001983,2026-01-12T17:41:39+00:00,21052.4,USD,Harris-Martinez,wire
SYN-0001984,2026-01-27T03:29:38+00:00,2153.25,USD,"Carroll, Ramirez and Rodriguez",
SYN-0001985,2026-01-08T04:37:31+00:00,10547.56,USD,Ellis-Jackson,wire
SYN-0001986,2026-01-08T09:35:05+00:00,17565.25,USD,Robinson-Phillips,fee
SYN-0001987,2026-01-23T21:19:29+00:00,21495.05,USD,Clarke Ltd,
SYN-0001988,2026-01-10T18:34:34+00:00,14236.19,USD,"Whitehead, Lane and Tran",
SYN-0001989,2026-01-03T11:19:43+00:00,197.85,USD,Miller PLC,
SYN-0001990,2026-01-21T23:04:09+00:00,21215.56,USD,Atkins-Robinson,wire
SYN-0001991,2026-01-29T22:12:12+00:00,13858.06,USD,Hood-Ramirez,fee
SYN-0001992,2026-01-24T15:58:28+00:00,12153.04,USD,"Patterson, Salas and Wright",wire
SYN-0001993,2026-01-30T16:26:37+00:00,22626.92,USD,Riley-Snow,fee
SYN-0001994,2026-01-12T06:11:23+00:00,1518.56,USD,"Shah, Mcintyre and Villanueva",fee
SYN-0001995,2026-01-28T23:33:30+00:00,1342.91,12A,Baird-Williams,
SYN-0001996,2026-01-23T23:28:43+00:00,12370.23,USD,Quinn-Gordon,
SYN-0001997,2026-01-17T20:00:34+00:00,17438.16,USD,Schmidt-Mendoza,wire
SYN-0001998,2026-01-14T23:33:24+00:00,32535.00,USD,,
SYN-0001999,2026-01-25T15:26:19+00:00,14691.88,USD,"Nicholson, Chavez and Allen",
